id,feature_ids,spec,layer,fixture,actor,commands,steps,expected,status,owner,evidence,environment,expected_events,coverage
QA-WS-01,WS-01,product/P01-PRODUCT-TENANCY-AND-AUTHORITY.md,visual_interaction,"FIXTURES.md; A/B, D1–D5/DQ, T1, S/N/F1/F2, SL1/SL2 as named","Authorized actor for UI; identity/tenant from fixture, with negative actor when specified",UI,Set up named fixture; execute UI under the condition in expected outcome; query affected records and compare committed events.,At 1440×900 the unchanged wordmark geometry uses #1754A6; all four nav links open their named page and active state moves once.,Written requirement; implementation test not executed,QA + P01,Not executed; attach run ID and observed assertions during implementation,UI prototype,,Behavior case written; event assertions not yet specified in this legacy case
QA-WS-02,WS-02,product/P01-PRODUCT-TENANCY-AND-AUTHORITY.md,visual_interaction,"FIXTURES.md; A/B, D1–D5/DQ, T1, S/N/F1/F2, SL1/SL2 as named","Authorized actor for UI; identity/tenant from fixture, with negative actor when specified",UI,Set up named fixture; execute UI under the condition in expected outcome; query affected records and compare committed events.,"Switch Bangkok to Hua Hin: no Bangkok delivery, pickup selection or unsaved draft appears in Hua Hin; a one-city tenant has no redundant city chooser.",Written requirement; implementation test not executed,QA + P01,Not executed; attach run ID and observed assertions during implementation,UI prototype,,Behavior case written; event assertions not yet specified in this legacy case
QA-WS-03,WS-03,product/P13-SETTINGS-POLICY-AND-ADMINISTRATION.md,domain_integration,"FIXTURES.md; A/B, D1–D5/DQ, T1, S/N/F1/F2, SL1/SL2 as named","Authorized actor for SetFeature; identity/tenant from fixture, with negative actor when specified",SetFeature,Set up named fixture; execute SetFeature under the condition in expected outcome; query affected records and compare committed events.,Disable Intercity: local Plan still opens and existing trip history remains reachable; new trip creation returns NOT_AUTHORIZED.,Written requirement; implementation test not executed,QA + P13,Not executed; attach run ID and observed assertions during implementation,Isolated test database/API or named device harness,,Behavior case written; event assertions not yet specified in this legacy case
QA-WS-04,WS-04,product/P01-PRODUCT-TENANCY-AND-AUTHORITY.md,visual_interaction,"FIXTURES.md; A/B, D1–D5/DQ, T1, S/N/F1/F2, SL1/SL2 as named","Authorized actor for UI; identity/tenant from fixture, with negative actor when specified",UI,Set up named fixture; execute UI under the condition in expected outcome; query affected records and compare committed events.,"Switch Now to Plan for 2026-09-09: date and count equal the returned filtered list, not the prior day's total.",Written requirement; implementation test not executed,QA + P01,Not executed; attach run ID and observed assertions during implementation,UI prototype,,Behavior case written; event assertions not yet specified in this legacy case
QA-WS-05,WS-05,product/P01-PRODUCT-TENANCY-AND-AUTHORITY.md,visual_interaction,"FIXTURES.md; A/B, D1–D5/DQ, T1, S/N/F1/F2, SL1/SL2 as named","Authorized actor for UI; identity/tenant from fixture, with negative actor when specified",UI,Set up named fixture; execute UI under the condition in expected outcome; query affected records and compare committed events.,At 1440×900 map uses remaining board height and opening/closing timeline restores that height; no permanent debug/footer block is rendered.,Written requirement; implementation test not executed,QA + P01,Not executed; attach run ID and observed assertions during implementation,UI prototype,,Behavior case written; event assertions not yet specified in this legacy case
QA-WS-06,WS-06,product/P01-PRODUCT-TENANCY-AND-AUTHORITY.md,domain_integration,"FIXTURES.md; A/B, D1–D5/DQ, T1, S/N/F1/F2, SL1/SL2 as named","Authorized actor for SaveBrand,SaveSite,SaveCity; identity/tenant from fixture, with negative actor when specified","SaveBrand,SaveSite,SaveCity","Set up named fixture; execute SaveBrand,SaveSite,SaveCity under the condition in expected outcome; query affected records and compare committed events.",Create brand B2 and site H2 in tenant A: both are selectable only in permitted city; tenant B cannot retrieve them.,Written requirement; implementation test not executed,QA + P01,Not executed; attach run ID and observed assertions during implementation,Isolated test database/API or named device harness,,Behavior case written; event assertions not yet specified in this legacy case
QA-WS-07,WS-07,product/P01-PRODUCT-TENANCY-AND-AUTHORITY.md,visual_interaction,"FIXTURES.md; A/B, D1–D5/DQ, T1, S/N/F1/F2, SL1/SL2 as named","Authorized actor for UI; identity/tenant from fixture, with negative actor when specified",UI,Set up named fixture; execute UI under the condition in expected outcome; query affected records and compare committed events.,Keyboard Tab reaches every visible control; Escape closes only the top dialog and returns focus to its opener; unsaved draft survives dismiss/cancel.,Written requirement; implementation test not executed,QA + P01,Not executed; attach run ID and observed assertions during implementation,UI prototype,,Behavior case written; event assertions not yet specified in this legacy case
QA-WS-08,WS-08,product/P01-PRODUCT-TENANCY-AND-AUTHORITY.md,domain_integration,"FIXTURES.md; A/B, D1–D5/DQ, T1, S/N/F1/F2, SL1/SL2 as named","Authorized actor for GetDelivery; identity/tenant from fixture, with negative actor when specified",GetDelivery,Set up named fixture; execute GetDelivery under the condition in expected outcome; query affected records and compare committed events.,"Tenant B requests tenant A delivery/asset/chat IDs: API returns NOT_AUTHORIZED and no contact, URL or text payload.",Written requirement; implementation test not executed,QA + P01,Not executed; attach run ID and observed assertions during implementation,Isolated test database/API or named device harness,,Behavior case written; event assertions not yet specified in this legacy case
QA-IN-01,IN-01,product/P02-DELIVERY-INTAKE-AND-ADDRESS-REVIEW.md,domain_integration,"FIXTURES.md; A/B, D1–D5/DQ, T1, S/N/F1/F2, SL1/SL2 as named","Authorized actor for SaveDeliveryDraft; identity/tenant from fixture, with negative actor when specified",SaveDeliveryDraft,Set up named fixture; execute SaveDeliveryDraft under the condition in expected outcome; query affected records and compare committed events.,Click Add Delivery: manual fields open immediately; invoking optional autofill leaves manually entered recipient text unchanged until explicit merge.,Written requirement; implementation test not executed,QA + P02,Not executed; attach run ID and observed assertions during implementation,Isolated test database/API or named device harness,,Behavior case written; event assertions not yet specified in this legacy case
QA-IN-02,IN-02,product/P02-DELIVERY-INTAKE-AND-ADDRESS-REVIEW.md,domain_integration,"FIXTURES.md; A/B, D1–D5/DQ, T1, S/N/F1/F2, SL1/SL2 as named",Current deliveries.create actor plus wrong grant/tenant/city/actor and revoked principal,SaveDeliveryDraft,Save with zero creation roots; read authorized manual context/current revision; race exact-version edits; recover a lost committed save through original CommandStatus after browser-controller restart; reject unmapped source and immutable-history mutation.,"Separate buyer/recipient; exact Thai/text/quantity5/ready_by preserved in immutable manual revisions. One creation and edit winner; rejected writes have no partial revision/event/outbox. Old rows unchanged. No delivery/slot/custody/preparation/assignment effect.",Written requirement; local SQL/controller/browser evidence separate from source visual and configured-provider acceptance,QA + P02,W01-MANUAL-INTAKE-CHECKPOINT and generated/test-results.json,Isolated restricted PostgreSQL and HTTP; real browser controller; separate labelled synthetic React browser fixture,intake.draft_saved,Creation/update/read/replay/rollback/isolation/history and tab recovery assertions; final creation and source-pixel acceptance pending
QA-IN-03,IN-03,product/P02-DELIVERY-INTAKE-AND-ADDRESS-REVIEW.md,domain_integration,"FIXTURES.md; A/B, D1–D5/DQ, T1, S/N/F1/F2, SL1/SL2 as named","Authorized actor for CreateIntakeBatch; identity/tenant from fixture, with negative actor when specified",CreateIntakeBatch,Set up named fixture; execute CreateIntakeBatch under the condition in expected outcome; query affected records and compare committed events.,Paste one text source and one image: resulting draft retains both source identities; no outgoing chat message is created.,Written requirement; implementation test not executed,QA + P02,Not executed; attach run ID and observed assertions during implementation,Isolated test database/API or named device harness,,Behavior case written; event assertions not yet specified in this legacy case
QA-IN-04,IN-04,product/P02-DELIVERY-INTAKE-AND-ADDRESS-REVIEW.md,domain_integration,"FIXTURES.md; A/B, D1–D5/DQ, T1, S/N/F1/F2, SL1/SL2 as named","Authorized actor for ExtractDraft; identity/tenant from fixture, with negative actor when specified",ExtractDraft,Set up named fixture; execute ExtractDraft under the condition in expected outcome; query affected records and compare committed events.,Use a Thai image then an OCR timeout: successful fields remain editable; timeout preserves source and draft and returns processing failure without committing delivery.,Written requirement; implementation test not executed,QA + P02,Not executed; attach run ID and observed assertions during implementation,Isolated test database/API or named device harness,,Behavior case written; event assertions not yet specified in this legacy case
QA-IN-05,IN-05,product/P02-DELIVERY-INTAKE-AND-ADDRESS-REVIEW.md,domain_integration,"FIXTURES.md; A/B, D1–D5/DQ, T1, S/N/F1/F2, SL1/SL2 as named","Authorized actor for ExtractDraft,ReviewAddress; identity/tenant from fixture, with negative actor when specified","ExtractDraft,ReviewAddress","Set up named fixture; execute ExtractDraft,ReviewAddress under the condition in expected outcome; query affected records and compare committed events.",AI changes house number12 to21: source12 and suggested21 both display; CommitDelivery returns ADDRESS_REVIEW_REQUIRED until explicit review.,Written requirement; implementation test not executed,QA + P02,Not executed; attach run ID and observed assertions during implementation,Isolated test database/API or named device harness,,Behavior case written; event assertions not yet specified in this legacy case
QA-IN-06,IN-06,product/P02-DELIVERY-INTAKE-AND-ADDRESS-REVIEW.md,domain_integration,"FIXTURES.md; A/B, D1–D5/DQ, T1, S/N/F1/F2, SL1/SL2 as named","Authorized actor for CommitIntakeBatch; identity/tenant from fixture, with negative actor when specified",CommitIntakeBatch,Set up named fixture; execute CommitIntakeBatch under the condition in expected outcome; query affected records and compare committed events.,"Batch has three drafts, one invalid phone: two succeed with named child IDs; invalid child returns a field error; retry original command creates zero duplicates.",Written requirement; implementation test not executed,QA + P02,Not executed; attach run ID and observed assertions during implementation,Isolated test database/API or named device harness,,Behavior case written; event assertions not yet specified in this legacy case
QA-IN-07,IN-07,product/P02-DELIVERY-INTAKE-AND-ADDRESS-REVIEW.md,domain_integration,"FIXTURES.md; A/B, D1–D5/DQ, T1, S/N/F1/F2, SL1/SL2 as named","Authorized actor for CreateIntakeBatch; identity/tenant from fixture, with negative actor when specified",CreateIntakeBatch,Set up named fixture; execute CreateIntakeBatch under the condition in expected outcome; query affected records and compare committed events.,Import a two-row CSV and two-page PDF: both enter the same review queue; unsupported format or page101 rejects before extracting children.,Written requirement; implementation test not executed,QA + P02,Not executed; attach run ID and observed assertions during implementation,Isolated test database/API or named device harness,,Behavior case written; event assertions not yet specified in this legacy case
QA-IN-08,IN-08,product/P13-SETTINGS-POLICY-AND-ADMINISTRATION.md,domain_integration,"FIXTURES.md; A/B, D1–D5/DQ, T1, S/N/F1/F2, SL1/SL2 as named","Authorized actor for SavePolicy; identity/tenant from fixture, with negative actor when specified",SavePolicy,Set up named fixture; execute SavePolicy under the condition in expected outcome; query affected records and compare committed events.,Save city/site/window intake defaults: new draft uses selected tenant values; a draft explicitly set to another permitted site is not overwritten.,Written requirement; implementation test not executed,QA + P13,Not executed; attach run ID and observed assertions during implementation,Isolated test database/API or named device harness,,Behavior case written; event assertions not yet specified in this legacy case
QA-IN-09,IN-09,product/P02-DELIVERY-INTAKE-AND-ADDRESS-REVIEW.md,domain_integration,"FIXTURES.md; A/B, D1–D5/DQ, T1, S/N/F1/F2, SL1/SL2 as named","Authorized actor for CommitDelivery; identity/tenant from fixture, with negative actor when specified",CommitDelivery,Set up named fixture; execute CommitDelivery under the condition in expected outcome; query affected records and compare committed events.,Commit an approved draft with preparing goods: delivery exists in Unplanned with preparation state; no assignment/broadcast is created.,Written requirement; implementation test not executed,QA + P02,Not executed; attach run ID and observed assertions during implementation,Isolated test database/API or named device harness,,Behavior case written; event assertions not yet specified in this legacy case
QA-IN-10,IN-10,product/P02-DELIVERY-INTAKE-AND-ADDRESS-REVIEW.md,domain_integration,"FIXTURES.md; A/B, D1–D5/DQ, T1, S/N/F1/F2, SL1/SL2 as named","Authorized actor for SaveDeliveryDraft; identity/tenant from fixture, with negative actor when specified",SaveDeliveryDraft,Set up named fixture; execute SaveDeliveryDraft under the condition in expected outcome; query affected records and compare committed events.,AI response for draft revision3 arrives after manual revision4: revision4 remains intact and source suggestion is marked stale.,Written requirement; implementation test not executed,QA + P02,Not executed; attach run ID and observed assertions during implementation,Isolated test database/API or named device harness,,Behavior case written; event assertions not yet specified in this legacy case
QA-IN-11,IN-11,product/P13-SETTINGS-POLICY-AND-ADMINISTRATION.md,domain_integration,"FIXTURES.md; A/B, D1–D5/DQ, T1, S/N/F1/F2, SL1/SL2 as named","Authorized actor for SavePolicy; identity/tenant from fixture, with negative actor when specified",SavePolicy,Set up named fixture; execute SavePolicy under the condition in expected outcome; query affected records and compare committed events.,Set max_batch_drafts501 or upload20971521 bytes: reject POLICY_OUT_OF_BOUNDS/VALIDATION_FAILED; previous policy and draft remain unchanged.,Written requirement; implementation test not executed,QA + P13,Not executed; attach run ID and observed assertions during implementation,Isolated test database/API or named device harness,,Behavior case written; event assertions not yet specified in this legacy case
QA-AD-01,AD-01,product/P02-DELIVERY-INTAKE-AND-ADDRESS-REVIEW.md,domain_integration,"FIXTURES.md; A/B, D1–D5/DQ, T1, S/N/F1/F2, SL1/SL2 as named","Dispatcher with independent deliveries.review; negative actor/city/tenant and revoked grants",ReviewAddress,"Review exact current root/input hash; race SaveDeliveryDraft; lose committed HTTP response; inject post-write failure","Preserve operator-selected text/point and immutable input/output review history. Text-only approval remains review_needed and never confirms entrance or creates admission/preparation/custody/delivery. Replay/status returns original result; stale/foreign/revoked access rejects; rollback leaves no partial revision/review/fact/outbox.",Required acceptance; local evidence separately fingerprinted,QA + P02,See Build Spec checkpoint for actual run and remaining UI/provider gates,Isolated restricted database/API,,address.reviewed exactly once; no unrelated physical or admission event
QA-AD-02,AD-02,product/P02-DELIVERY-INTAKE-AND-ADDRESS-REVIEW.md,domain_integration,"FIXTURES.md; A/B, D1–D5/DQ, T1, S/N/F1/F2, SL1/SL2 as named","Authorized actor for ReviewAddress; negative actor/city/tenant",ReviewAddress,"Accept/edit/reject current suggestion; retry expired/superseded/wrong-input suggestion; manually edit afterward","Accept exactly matches proposal; reject keeps original; edit records selected replacement. Preserve before/proposed/selected and reviewer/time. Stale/foreign suggestion rejects intact; later manual edit invalidates review while preserving history. Imported source drafts stay blocked pending compatibility adapter.",Required acceptance; local evidence separately fingerprinted,QA + P02,See Build Spec checkpoint for actual run and remaining UI/provider gates,Isolated restricted database/API,,address.reviewed with actual changes; no geocoder-only entrance confirmation
QA-AD-03,AD-03,product/P07-FREELANCE-BROADCAST-ACCEPTANCE-AND-CHANGES.md,domain_integration,"FIXTURES.md; A/B, D1–D5/DQ, T1, S/N/F1/F2, SL1/SL2 as named","Authorized actor for StartBroadcast,ReleasePlan; identity/tenant from fixture, with negative actor when specified","StartBroadcast,ReleasePlan","Set up named fixture; execute StartBroadcast,ReleasePlan under the condition in expected outcome; query affected records and compare committed events.",An unresolved destination correction produces ADDRESS_REVIEW_REQUIRED on both operations; no claim or release is committed.,Written requirement; implementation test not executed,QA + P07,Not executed; attach run ID and observed assertions during implementation,Isolated test database/API or named device harness,,Behavior case written; event assertions not yet specified in this legacy case
QA-AD-04,AD-04,product/P02-DELIVERY-INTAKE-AND-ADDRESS-REVIEW.md,domain_integration,"FIXTURES.md; A/B, D1–D5/DQ, T1, S/N/F1/F2, SL1/SL2 as named","Authorized actor for ReviewAddress; identity/tenant from fixture, with negative actor when specified",ReviewAddress,Set up named fixture; execute ReviewAddress under the condition in expected outcome; query affected records and compare committed events.,Thai house/soi/floor/unit conflict fixture: all original components remain visible; no invented postcode appears in committed address.,Written requirement; implementation test not executed,QA + P02,Not executed; attach run ID and observed assertions during implementation,Isolated test database/API or named device harness,,Behavior case written; event assertions not yet specified in this legacy case
QA-AD-05,AD-05,product/P10-MAPS-NAVIGATION-AND-LOCATION-KNOWLEDGE.md,domain_integration,"FIXTURES.md; A/B, D1–D5/DQ, T1, S/N/F1/F2, SL1/SL2 as named","Authorized actor for ConfirmEntrance; identity/tenant from fixture, with negative actor when specified",ConfirmEntrance,Set up named fixture; execute ConfirmEntrance under the condition in expected outcome; query affected records and compare committed events.,Edit entrance point and handoff notes together: one revision is created and both fields return from GetEntrance.,Written requirement; implementation test not executed,QA + P10,Not executed; attach run ID and observed assertions during implementation,Isolated test database/API or named device harness,,Behavior case written; event assertions not yet specified in this legacy case
QA-AD-06,AD-06,product/P02-DELIVERY-INTAKE-AND-ADDRESS-REVIEW.md,visual_interaction,"FIXTURES.md; A/B, D1–D5/DQ, T1, S/N/F1/F2, SL1/SL2 as named","Authorized actor for UI; identity/tenant from fixture, with negative actor when specified",UI,Set up named fixture; execute UI under the condition in expected outcome; query affected records and compare committed events.,"Open Street View for D1, then next D2: Google surface targets D2; close returns to D2 on the existing Operations map.",Written requirement; implementation test not executed,QA + P02,Not executed; attach run ID and observed assertions during implementation,UI prototype,,Behavior case written; event assertions not yet specified in this legacy case
QA-AD-07,AD-07,product/P02-DELIVERY-INTAKE-AND-ADDRESS-REVIEW.md,visual_interaction,"FIXTURES.md; A/B, D1–D5/DQ, T1, S/N/F1/F2, SL1/SL2 as named","Authorized actor for UI; identity/tenant from fixture, with negative actor when specified",UI,Set up named fixture; execute UI under the condition in expected outcome; query affected records and compare committed events.,Remove key or use a location with unavailable imagery: loading ends in explicit unavailable/retry state; no blank pane labelled ready.,Written requirement; implementation test not executed,QA + P02,Not executed; attach run ID and observed assertions during implementation,UI prototype,,Behavior case written; event assertions not yet specified in this legacy case
QA-AD-08,AD-08,product/P02-DELIVERY-INTAKE-AND-ADDRESS-REVIEW.md,domain_integration,"FIXTURES.md; A/B, D1–D5/DQ, T1, S/N/F1/F2, SL1/SL2 as named","Authorized actor for GetEntrance; identity/tenant from fixture, with negative actor when specified",GetEntrance,Set up named fixture; execute GetEntrance under the condition in expected outcome; query affected records and compare committed events.,Exact address lookup in tenant B returns no tenant A remembered address even when text matches.,Written requirement; implementation test not executed,QA + P02,Not executed; attach run ID and observed assertions during implementation,Isolated test database/API or named device harness,,Behavior case written; event assertions not yet specified in this legacy case
QA-AD-09,AD-09,product/P10-MAPS-NAVIGATION-AND-LOCATION-KNOWLEDGE.md,domain_integration,"FIXTURES.md; A/B, D1–D5/DQ, T1, S/N/F1/F2, SL1/SL2 as named","Authorized actor for ConfirmEntrance,ApplyEntrance; identity/tenant from fixture, with negative actor when specified","ConfirmEntrance,ApplyEntrance","Set up named fixture; execute ConfirmEntrance,ApplyEntrance under the condition in expected outcome; query affected records and compare committed events.",Confirm entrance revision2 then apply to D2: D2 references revision2 and preserves its own floor/unit and delivery instructions.,Written requirement; implementation test not executed,QA + P10,Not executed; attach run ID and observed assertions during implementation,Isolated test database/API or named device harness,,Behavior case written; event assertions not yet specified in this legacy case
QA-AD-10,AD-10,product/P10-MAPS-NAVIGATION-AND-LOCATION-KNOWLEDGE.md,domain_integration,"FIXTURES.md; A/B, D1–D5/DQ, T1, S/N/F1/F2, SL1/SL2 as named","Authorized actor for RetireEntrance; identity/tenant from fixture, with negative actor when specified",RetireEntrance,Set up named fixture; execute RetireEntrance under the condition in expected outcome; query affected records and compare committed events.,Retire a saved entrance: it is excluded from new suggestions while historical delivery references still resolve the old revision.,Written requirement; implementation test not executed,QA + P10,Not executed; attach run ID and observed assertions during implementation,Isolated test database/API or named device harness,,Behavior case written; event assertions not yet specified in this legacy case
QA-AD-11,AD-11,product/P10-MAPS-NAVIGATION-AND-LOCATION-KNOWLEDGE.md,domain_integration,"FIXTURES.md; A/B, D1–D5/DQ, T1, S/N/F1/F2, SL1/SL2 as named","Authorized actor for ReportLocationObservation; identity/tenant from fixture, with negative actor when specified",ReportLocationObservation,Set up named fixture; execute ReportLocationObservation under the condition in expected outcome; query affected records and compare committed events.,Driver reports wrong entrance: observation is proposed and original confirmed entrance remains current until authorized review.,Written requirement; implementation test not executed,QA + P10,Not executed; attach run ID and observed assertions during implementation,Isolated test database/API or named device harness,,Behavior case written; event assertions not yet specified in this legacy case
QA-AD-12,AD-12,product/P02-DELIVERY-INTAKE-AND-ADDRESS-REVIEW.md,scope_review,"FIXTURES.md; A/B, D1–D5/DQ, T1, S/N/F1/F2, SL1/SL2 as named","Authorized actor for Deferred; identity/tenant from fixture, with negative actor when specified",Deferred,Set up named fixture; execute Deferred under the condition in expected outcome; query affected records and compare committed events.,Building-level grouping stays outside current release; separate recipients retain separate delivery/manifests/proof; no merged completion command appears.,Written requirement; implementation test not executed,QA + P02,Not executed; attach run ID and observed assertions during implementation,Isolated test database/API or named device harness,,Behavior case written; event assertions not yet specified in this legacy case
QA-DI-01,DI-01,product/P05-EXECUTION-CUSTODY-PROOF-AND-EXCEPTIONS.md,domain_integration,"FIXTURES.md; A/B, D1–D5/DQ, T1, S/N/F1/F2, SL1/SL2 as named","Authorized actor for GetBoard; identity/tenant from fixture, with negative actor when specified",GetBoard,Set up named fixture; execute GetBoard under the condition in expected outcome; query affected records and compare committed events.,Filter Action by brand B1: displayed count equals returned rows and selecting a row shows the same delivery ID.,Written requirement; implementation test not executed,QA + P05,Not executed; attach run ID and observed assertions during implementation,Isolated test database/API or named device harness,,Behavior case written; event assertions not yet specified in this legacy case
QA-DI-02,DI-02,product/P05-EXECUTION-CUSTODY-PROOF-AND-EXCEPTIONS.md,domain_integration,"FIXTURES.md; A/B, D1–D5/DQ, T1, S/N/F1/F2, SL1/SL2 as named","Authorized actor for GetDelivery; identity/tenant from fixture, with negative actor when specified",GetDelivery,Set up named fixture; execute GetDelivery under the condition in expected outcome; query affected records and compare committed events.,"D1 detail includes manifest ID, proof policy version, preparation, assignment, inbound dependency and evidence references required for next commands.",Written requirement; implementation test not executed,QA + P05,Not executed; attach run ID and observed assertions during implementation,Isolated test database/API or named device harness,,Behavior case written; event assertions not yet specified in this legacy case
QA-DI-03,DI-03,product/P05-EXECUTION-CUSTODY-PROOF-AND-EXCEPTIONS.md,domain_integration,"FIXTURES.md; A/B, D1–D5/DQ, T1, S/N/F1/F2, SL1/SL2 as named","Authorized actor for ResolveIssue; identity/tenant from fixture, with negative actor when specified",ResolveIssue,Set up named fixture; execute ResolveIssue under the condition in expected outcome; query affected records and compare committed events.,Resolve address/recipient issue for D1: only that issue version changes and follow-up action is recorded on D1.,Written requirement; implementation test not executed,QA + P05,Not executed; attach run ID and observed assertions during implementation,Isolated test database/API or named device harness,,Behavior case written; event assertions not yet specified in this legacy case
QA-DI-04,DI-04,product/P02-DELIVERY-INTAKE-AND-ADDRESS-REVIEW.md,domain_integration,"FIXTURES.md; A/B, D1–D5/DQ, T1, S/N/F1/F2, SL1/SL2 as named","Authorized actor for SetPickupReadiness,ConfirmPickup; identity/tenant from fixture, with negative actor when specified","SetPickupReadiness,ConfirmPickup","Set up named fixture; execute SetPickupReadiness,ConfirmPickup under the condition in expected outcome; query affected records and compare committed events.",Five expected units with one unchecked/missing line: normal full pickup rejects; ready signal alone produces no custody movement.,Written requirement; implementation test not executed,QA + P02,Not executed; attach run ID and observed assertions during implementation,Isolated test database/API or named device harness,,Behavior case written; event assertions not yet specified in this legacy case
QA-DI-05,DI-05,product/P04-PLANNING-ROUTING-AND-TEAM-RELEASE.md,domain_integration,"FIXTURES.md; A/B, D1–D5/DQ, T1, S/N/F1/F2, SL1/SL2 as named","Authorized actor for ReleasePlan,AcknowledgeAssignment; identity/tenant from fixture, with negative actor when specified","ReleasePlan,AcknowledgeAssignment","Set up named fixture; execute ReleasePlan,AcknowledgeAssignment under the condition in expected outcome; query affected records and compare committed events.",Release R1 then driver reports cannot_comply: assignment stays visible with action required and departure blocked until operator resolution.,Written requirement; implementation test not executed,QA + P04,Not executed; attach run ID and observed assertions during implementation,Isolated test database/API or named device harness,,Behavior case written; event assertions not yet specified in this legacy case
QA-DI-06,DI-06,product/P05-EXECUTION-CUSTODY-PROOF-AND-EXCEPTIONS.md,domain_integration,"FIXTURES.md; A/B, D1–D5/DQ, T1, S/N/F1/F2, SL1/SL2 as named","Authorized actor for GetDriverRound; identity/tenant from fixture, with negative actor when specified",GetDriverRound,Set up named fixture; execute GetDriverRound under the condition in expected outcome; query affected records and compare committed events.,"After S1 completed, current/next stop IDs advance exactly once; free_after includes remaining travel, return and reload minutes.",Written requirement; implementation test not executed,QA + P05,Not executed; attach run ID and observed assertions during implementation,Isolated test database/API or named device harness,,Behavior case written; event assertions not yet specified in this legacy case
QA-DI-07,DI-07,product/P05-EXECUTION-CUSTODY-PROOF-AND-EXCEPTIONS.md,domain_integration,"FIXTURES.md; A/B, D1–D5/DQ, T1, S/N/F1/F2, SL1/SL2 as named","Authorized actor for RescheduleDelivery; identity/tenant from fixture, with negative actor when specified",RescheduleDelivery,Set up named fixture; execute RescheduleDelivery under the condition in expected outcome; query affected records and compare committed events.,"Failed D1 moves to next day's slot: same delivery ID, original failed attempt preserved, one new active reservation and next release creates a new attempt.",Written requirement; implementation test not executed,QA + P05,Not executed; attach run ID and observed assertions during implementation,Isolated test database/API or named device harness,,Behavior case written; event assertions not yet specified in this legacy case
QA-DI-08,DI-08,product/P04-PLANNING-ROUTING-AND-TEAM-RELEASE.md,domain_integration,"FIXTURES.md; A/B, D1–D5/DQ, T1, S/N/F1/F2, SL1/SL2 as named","Authorized actor for ReassignRound,ConfirmTransferReceipt; identity/tenant from fixture, with negative actor when specified","ReassignRound,ConfirmTransferReceipt","Set up named fixture; execute ReassignRound,ConfirmTransferReceipt under the condition in expected outcome; query affected records and compare committed events.",Reassign collected goods from S to N: assignment update alone gives N zero goods; N-authenticated physical receipt transfers the specified balance once.,Written requirement; implementation test not executed,QA + P04,Not executed; attach run ID and observed assertions during implementation,Isolated test database/API or named device harness,,Behavior case written; event assertions not yet specified in this legacy case
QA-DI-09,DI-09,product/P07-FREELANCE-BROADCAST-ACCEPTANCE-AND-CHANGES.md,domain_integration,"FIXTURES.md; A/B, D1–D5/DQ, T1, S/N/F1/F2, SL1/SL2 as named","Authorized actor for ProposeChange; identity/tenant from fixture, with negative actor when specified",ProposeChange,Set up named fixture; execute ProposeChange under the condition in expected outcome; query affected records and compare committed events.,Team destination instruction changes current target with new version and acknowledgement pending; collected manifest quantity stays5.,Written requirement; implementation test not executed,QA + P07,Not executed; attach run ID and observed assertions during implementation,Isolated test database/API or named device harness,,Behavior case written; event assertions not yet specified in this legacy case
QA-DI-10,DI-10,product/P05-EXECUTION-CUSTODY-PROOF-AND-EXCEPTIONS.md,domain_integration,"FIXTURES.md; A/B, D1–D5/DQ, T1, S/N/F1/F2, SL1/SL2 as named","Authorized actor for CancelDelivery; identity/tenant from fixture, with negative actor when specified",CancelDelivery,Set up named fixture; execute CancelDelivery under the condition in expected outcome; query affected records and compare committed events.,Cancel after pickup5: quantity 5 remains in held/return/transfer/disposition ledger; no DELETE removes those facts.,Written requirement; implementation test not executed,QA + P05,Not executed; attach run ID and observed assertions during implementation,Isolated test database/API or named device harness,,Behavior case written; event assertions not yet specified in this legacy case
QA-DI-11,DI-11,product/P06-DRIVER-IDENTITY-FLEET-AND-WORK-MODES.md,domain_integration,"FIXTURES.md; A/B, D1–D5/DQ, T1, S/N/F1/F2, SL1/SL2 as named","Authorized actor for ArchiveFleetResource; identity/tenant from fixture, with negative actor when specified",ArchiveFleetResource,Set up named fixture; execute ArchiveFleetResource under the condition in expected outcome; query affected records and compare committed events.,"Archive driver after delivery completion: old proof, driver identity and source references still display in History.",Written requirement; implementation test not executed,QA + P06,Not executed; attach run ID and observed assertions during implementation,Isolated test database/API or named device harness,,Behavior case written; event assertions not yet specified in this legacy case
QA-PL-01,PL-01,product/P04-PLANNING-ROUTING-AND-TEAM-RELEASE.md,domain_integration,"FIXTURES.md; A/B, D1–D5/DQ, T1, S/N/F1/F2, SL1/SL2 as named","Authorized actor for GeneratePlan; identity/tenant from fixture, with negative actor when specified",GeneratePlan,Set up named fixture; execute GeneratePlan under the condition in expected outcome; query affected records and compare committed events.,"At 07:00 with inbound ETA 09:00, all five expected destination deliveries appear in the Plan pool and can be placed in driver lanes.",Written requirement; implementation test not executed,QA + P04,Not executed; attach run ID and observed assertions during implementation,Isolated test database/API or named device harness,,Behavior case written; event assertions not yet specified in this legacy case
QA-PL-02,PL-02,product/P04-PLANNING-ROUTING-AND-TEAM-RELEASE.md,domain_integration,"FIXTURES.md; A/B, D1–D5/DQ, T1, S/N/F1/F2, SL1/SL2 as named","Authorized actor for GeneratePlan; identity/tenant from fixture, with negative actor when specified",GeneratePlan,Set up named fixture; execute GeneratePlan under the condition in expected outcome; query affected records and compare committed events.,Request proposal for five deliveries: response is202 with operation ID; completed query identifies planned and uncovered IDs explicitly.,Written requirement; implementation test not executed,QA + P04,Not executed; attach run ID and observed assertions during implementation,Isolated test database/API or named device harness,,Behavior case written; event assertions not yet specified in this legacy case
QA-PL-03,PL-03,product/P04-PLANNING-ROUTING-AND-TEAM-RELEASE.md,domain_integration,"FIXTURES.md; A/B, D1–D5/DQ, T1, S/N/F1/F2, SL1/SL2 as named","Authorized actor for SaveRound,SaveStopPlanningFields,PreviewPlanMove,ApplyPlanProposal; identity/tenant from fixture, with negative actor when specified","SaveRound,SaveStopPlanningFields,PreviewPlanMove,ApplyPlanProposal","Set up named fixture; execute SaveRound,SaveStopPlanningFields,PreviewPlanMove,ApplyPlanProposal under the condition in expected outcome; query affected records and compare committed events.","Change R1 pickup/driver/time through a current proposal: returned plan shows selected site/driver/vehicle and revised departure, with one revision increment.",Written requirement; implementation test not executed,QA + P04,Not executed; attach run ID and observed assertions during implementation,Isolated test database/API or named device harness,,Behavior case written; event assertions not yet specified in this legacy case
QA-PL-04,PL-04,product/P04-PLANNING-ROUTING-AND-TEAM-RELEASE.md,domain_integration,"FIXTURES.md; A/B, D1–D5/DQ, T1, S/N/F1/F2, SL1/SL2 as named","Authorized actor for PreviewPlanMove,ApplyPlanProposal; identity/tenant from fixture, with negative actor when specified","PreviewPlanMove,ApplyPlanProposal","Set up named fixture; execute PreviewPlanMove,ApplyPlanProposal under the condition in expected outcome; query affected records and compare committed events.",Move R1 from S to N and one stop back to Unplanned: no duplicate active dropoff remains; old lane no longer owns moved scope.,Written requirement; implementation test not executed,QA + P04,Not executed; attach run ID and observed assertions during implementation,Isolated test database/API or named device harness,,Behavior case written; event assertions not yet specified in this legacy case
QA-PL-05,PL-05,product/P04-PLANNING-ROUTING-AND-TEAM-RELEASE.md,visual_interaction,"FIXTURES.md; A/B, D1–D5/DQ, T1, S/N/F1/F2, SL1/SL2 as named","Authorized actor for UI; identity/tenant from fixture, with negative actor when specified",UI,Set up named fixture; execute UI under the condition in expected outcome; query affected records and compare committed events.,"Zoom timeline and fit R1 at tablet width: shift boundary, stop details and return/reload gap remain visible and selected route stays selected.",Written requirement; implementation test not executed,QA + P04,Not executed; attach run ID and observed assertions during implementation,UI prototype,,Behavior case written; event assertions not yet specified in this legacy case
QA-PL-06,PL-06,product/P04-PLANNING-ROUTING-AND-TEAM-RELEASE.md,domain_integration,"FIXTURES.md; A/B, D1–D5/DQ, T1, S/N/F1/F2, SL1/SL2 as named","Authorized actor for ApplyPlanProposal; identity/tenant from fixture, with negative actor when specified",ApplyPlanProposal,Set up named fixture; execute ApplyPlanProposal under the condition in expected outcome; query affected records and compare committed events.,"Bike max_stops 3 receives proposed fourth stop or prohibited cargo: PHYSICAL_INCOMPATIBILITY, no partial plan change.",Written requirement; implementation test not executed,QA + P04,Not executed; attach run ID and observed assertions during implementation,Isolated test database/API or named device harness,,Behavior case written; event assertions not yet specified in this legacy case
QA-PL-07,PL-07,product/P04-PLANNING-ROUTING-AND-TEAM-RELEASE.md,domain_integration,"FIXTURES.md; A/B, D1–D5/DQ, T1, S/N/F1/F2, SL1/SL2 as named","Authorized actor for GeneratePlan; identity/tenant from fixture, with negative actor when specified",GeneratePlan,Set up named fixture; execute GeneratePlan under the condition in expected outcome; query affected records and compare committed events.,Travel back20min plus reload10min after last stop10:00 yields free_after10:30; next Round cannot be planned at 10:05.,Written requirement; implementation test not executed,QA + P04,Not executed; attach run ID and observed assertions during implementation,Isolated test database/API or named device harness,,Behavior case written; event assertions not yet specified in this legacy case
QA-PL-08,PL-08,product/P04-PLANNING-ROUTING-AND-TEAM-RELEASE.md,domain_integration,"FIXTURES.md; A/B, D1–D5/DQ, T1, S/N/F1/F2, SL1/SL2 as named","Authorized actor for PreviewPlanMove; identity/tenant from fixture, with negative actor when specified",PreviewPlanMove,Set up named fixture; execute PreviewPlanMove under the condition in expected outcome; query affected records and compare committed events.,Two route proposals return different distance/duration with provider/time: only the explicitly selected proposal can be applied.,Written requirement; implementation test not executed,QA + P04,Not executed; attach run ID and observed assertions during implementation,Isolated test database/API or named device harness,,Behavior case written; event assertions not yet specified in this legacy case
QA-PL-09,PL-09,product/P04-PLANNING-ROUTING-AND-TEAM-RELEASE.md,domain_integration,"FIXTURES.md; A/B, D1–D5/DQ, T1, S/N/F1/F2, SL1/SL2 as named","Authorized actor for PreviewPlanMove; identity/tenant from fixture, with negative actor when specified",PreviewPlanMove,Set up named fixture; execute PreviewPlanMove under the condition in expected outcome; query affected records and compare committed events.,"Move adds12min lateness: preview names affected delivery IDs, driver load and old/new free_after, not only a generic warning.",Written requirement; implementation test not executed,QA + P04,Not executed; attach run ID and observed assertions during implementation,Isolated test database/API or named device harness,,Behavior case written; event assertions not yet specified in this legacy case
QA-PL-10,PL-10,product/P04-PLANNING-ROUTING-AND-TEAM-RELEASE.md,domain_integration,"FIXTURES.md; A/B, D1–D5/DQ, T1, S/N/F1/F2, SL1/SL2 as named","Authorized actor for ApplyPlanProposal; identity/tenant from fixture, with negative actor when specified",ApplyPlanProposal,Set up named fixture; execute ApplyPlanProposal under the condition in expected outcome; query affected records and compare committed events.,Input hash/version changes after preview: STALE_VERSION; stored plan remains unchanged until recheck.,Written requirement; implementation test not executed,QA + P04,Not executed; attach run ID and observed assertions during implementation,Isolated test database/API or named device harness,,Behavior case written; event assertions not yet specified in this legacy case
QA-PL-11,PL-11,product/P04-PLANNING-ROUTING-AND-TEAM-RELEASE.md,domain_integration,"FIXTURES.md; A/B, D1–D5/DQ, T1, S/N/F1/F2, SL1/SL2 as named","Authorized actor for ApplyPlanProposal; identity/tenant from fixture, with negative actor when specified",ApplyPlanProposal,Set up named fixture; execute ApplyPlanProposal under the condition in expected outcome; query affected records and compare committed events.,Timing warn policy permits authorized reasoned override; physical cargo violation still rejects under the same policy.,Written requirement; implementation test not executed,QA + P04,Not executed; attach run ID and observed assertions during implementation,Isolated test database/API or named device harness,,Behavior case written; event assertions not yet specified in this legacy case
QA-PL-12,PL-12,product/P04-PLANNING-ROUTING-AND-TEAM-RELEASE.md,domain_integration,"FIXTURES.md; A/B, D1–D5/DQ, T1, S/N/F1/F2, SL1/SL2 as named","Authorized actor for StagePlan,ReleasePlan; identity/tenant from fixture, with negative actor when specified","StagePlan,ReleasePlan","Set up named fixture; execute StagePlan,ReleasePlan under the condition in expected outcome; query affected records and compare committed events.",Stage complete inbound routes before arrival: driver sees Awaiting inbound goods; ReleasePlan rejects INBOUND_NOT_RECEIVED until required receipt.,Written requirement; implementation test not executed,QA + P04,Not executed; attach run ID and observed assertions during implementation,Isolated test database/API or named device harness,,Behavior case written; event assertions not yet specified in this legacy case
QA-PL-13,PL-13,product/P04-PLANNING-ROUTING-AND-TEAM-RELEASE.md,domain_integration,"FIXTURES.md; A/B, D1–D5/DQ, T1, S/N/F1/F2, SL1/SL2 as named","Authorized actor for ReleasePlan; identity/tenant from fixture, with negative actor when specified",ReleasePlan,Set up named fixture; execute ReleasePlan under the condition in expected outcome; query affected records and compare committed events.,"Release only ready R2 while R1 awaits one parcel: R2 assigned, R1 remains staged, existing active R3 unchanged.",Written requirement; implementation test not executed,QA + P04,Not executed; attach run ID and observed assertions during implementation,Isolated test database/API or named device harness,,Behavior case written; event assertions not yet specified in this legacy case
QA-PL-14,PL-14,product/P04-PLANNING-ROUTING-AND-TEAM-RELEASE.md,domain_integration,"FIXTURES.md; A/B, D1–D5/DQ, T1, S/N/F1/F2, SL1/SL2 as named","Authorized actor for SaveShiftTemplate,SetShiftOccurrence; identity/tenant from fixture, with negative actor when specified","SaveShiftTemplate,SetShiftOccurrence","Set up named fixture; execute SaveShiftTemplate,SetShiftOccurrence under the condition in expected outcome; query affected records and compare committed events.",Override one overnight shift ending next day: materialized UTC end is after start and adjacent service dates do not duplicate the template occurrence.,Written requirement; implementation test not executed,QA + P04,Not executed; attach run ID and observed assertions during implementation,Isolated test database/API or named device harness,,Behavior case written; event assertions not yet specified in this legacy case
QA-FL-01,FL-01,product/P06-DRIVER-IDENTITY-FLEET-AND-WORK-MODES.md,domain_integration,"FIXTURES.md; A/B, D1–D5/DQ, T1, S/N/F1/F2, SL1/SL2 as named","Authorized actor for GetDrivers; identity/tenant from fixture, with negative actor when specified",GetDrivers,Set up named fixture; execute GetDrivers under the condition in expected outcome; query affected records and compare committed events.,"City fleet search for S returns only permitted relationships, with current and next Round IDs for selected date.",Written requirement; implementation test not executed,QA + P06,Not executed; attach run ID and observed assertions during implementation,Isolated test database/API or named device harness,,Behavior case written; event assertions not yet specified in this legacy case
QA-FL-02,FL-02,product/P06-DRIVER-IDENTITY-FLEET-AND-WORK-MODES.md,domain_integration,"FIXTURES.md; A/B, D1–D5/DQ, T1, S/N/F1/F2, SL1/SL2 as named","Authorized actor for SaveDriverRelationship,SetShiftOccurrence; identity/tenant from fixture, with negative actor when specified","SaveDriverRelationship,SetShiftOccurrence","Set up named fixture; execute SaveDriverRelationship,SetShiftOccurrence under the condition in expected outcome; query affected records and compare committed events.",End then re-invite the same team relationship: reactivate original identity with a new invitation/event; no unique violation or erased history.,Written requirement; implementation test not executed,QA + P06,Not executed; attach run ID and observed assertions during implementation,Isolated test database/API or named device harness,,Behavior case written; event assertions not yet specified in this legacy case
QA-FL-03,FL-03,product/P06-DRIVER-IDENTITY-FLEET-AND-WORK-MODES.md,domain_integration,"FIXTURES.md; A/B, D1–D5/DQ, T1, S/N/F1/F2, SL1/SL2 as named","Authorized actor for SetShiftAvailability; identity/tenant from fixture, with negative actor when specified",SetShiftAvailability,Set up named fixture; execute SetShiftAvailability under the condition in expected outcome; query affected records and compare committed events.,Put S on_break: S is unavailable for new commitments; accepted work/custody remains visible and affected planning inputs become stale.,Written requirement; implementation test not executed,QA + P06,Not executed; attach run ID and observed assertions during implementation,Isolated test database/API or named device harness,,Behavior case written; event assertions not yet specified in this legacy case
QA-FL-04,FL-04,product/P06-DRIVER-IDENTITY-FLEET-AND-WORK-MODES.md,domain_integration,"FIXTURES.md; A/B, D1–D5/DQ, T1, S/N/F1/F2, SL1/SL2 as named","Authorized actor for SaveVehicle,BindShiftVehicle; identity/tenant from fixture, with negative actor when specified","SaveVehicle,BindShiftVehicle","Set up named fixture; execute SaveVehicle,BindShiftVehicle under the condition in expected outcome; query affected records and compare committed events.",Bind same van to overlapping shifts S and N: VEHICLE_CONFLICT; non-overlapping shifts may share it.,Written requirement; implementation test not executed,QA + P06,Not executed; attach run ID and observed assertions during implementation,Isolated test database/API or named device harness,,Behavior case written; event assertions not yet specified in this legacy case
QA-FL-05,FL-05,product/P04-PLANNING-ROUTING-AND-TEAM-RELEASE.md,domain_integration,"FIXTURES.md; A/B, D1–D5/DQ, T1, S/N/F1/F2, SL1/SL2 as named","Authorized actor for SaveVehicleProfile; identity/tenant from fixture, with negative actor when specified",SaveVehicleProfile,Set up named fixture; execute SaveVehicleProfile under the condition in expected outcome; query affected records and compare committed events.,Change bike profile max_stops 3 and cargo limit5: future plan validates against both; existing released capacity snapshot remains unchanged.,Written requirement; implementation test not executed,QA + P04,Not executed; attach run ID and observed assertions during implementation,Isolated test database/API or named device harness,,Behavior case written; event assertions not yet specified in this legacy case
QA-FL-06,FL-06,product/P04-PLANNING-ROUTING-AND-TEAM-RELEASE.md,domain_integration,"FIXTURES.md; A/B, D1–D5/DQ, T1, S/N/F1/F2, SL1/SL2 as named","Authorized actor for SaveVehicleProfile; identity/tenant from fixture, with negative actor when specified",SaveVehicleProfile,Set up named fixture; execute SaveVehicleProfile under the condition in expected outcome; query affected records and compare committed events.,Configure truck type/profile: catalogue displays truck; unsupported routing returns UNSUPPORTED_PROFILE rather than falsely claiming motorcycle/truck guidance.,Written requirement; implementation test not executed,QA + P04,Not executed; attach run ID and observed assertions during implementation,Isolated test database/API or named device harness,,Behavior case written; event assertions not yet specified in this legacy case
QA-FL-07,FL-07,product/P06-DRIVER-IDENTITY-FLEET-AND-WORK-MODES.md,domain_integration,"FIXTURES.md; A/B, D1–D5/DQ, T1, S/N/F1/F2, SL1/SL2 as named","Authorized actor for SetAvailability; identity/tenant from fixture, with negative actor when specified",SetAvailability,Set up named fixture; execute SetAvailability under the condition in expected outcome; query affected records and compare committed events.,Own driver on team shift is not a freelancer broadcast recipient merely because employee identity exists; Network opt-in and eligibility are required.,Written requirement; implementation test not executed,QA + P06,Not executed; attach run ID and observed assertions during implementation,Isolated test database/API or named device harness,,Behavior case written; event assertions not yet specified in this legacy case
QA-FL-08,FL-08,product/P06-DRIVER-IDENTITY-FLEET-AND-WORK-MODES.md,domain_integration,"FIXTURES.md; A/B, D1–D5/DQ, T1, S/N/F1/F2, SL1/SL2 as named","Authorized actor for AskAvailability,SetContactPermissions; identity/tenant from fixture, with negative actor when specified","AskAvailability,SetContactPermissions","Set up named fixture; execute AskAvailability,SetContactPermissions under the condition in expected outcome; query affected records and compare committed events.",Known freelancer opts out: AskAvailability is denied; opt-in request expires on server deadline and does not create a job claim.,Written requirement; implementation test not executed,QA + P06,Not executed; attach run ID and observed assertions during implementation,Isolated test database/API or named device harness,,Behavior case written; event assertions not yet specified in this legacy case
QA-BC-01,BC-01,product/P07-FREELANCE-BROADCAST-ACCEPTANCE-AND-CHANGES.md,domain_integration,"FIXTURES.md; A/B, D1–D5/DQ, T1, S/N/F1/F2, SL1/SL2 as named","Authorized actor for StartBroadcast; identity/tenant from fixture, with negative actor when specified",StartBroadcast,Set up named fixture; execute StartBroadcast under the condition in expected outcome; query affected records and compare committed events.,Own driver is free but operator broadcasts unplanned D1: create one search Round and claim D1; concurrent team release loses CLAIM_TAKEN.,Written requirement; implementation test not executed,QA + P07,Not executed; attach run ID and observed assertions during implementation,Isolated test database/API or named device harness,,Behavior case written; event assertions not yet specified in this legacy case
QA-BC-02,BC-02,product/P07-FREELANCE-BROADCAST-ACCEPTANCE-AND-CHANGES.md,domain_integration,"FIXTURES.md; A/B, D1–D5/DQ, T1, S/N/F1/F2, SL1/SL2 as named","Authorized actor for StartBroadcast; identity/tenant from fixture, with negative actor when specified",StartBroadcast,Set up named fixture; execute StartBroadcast under the condition in expected outcome; query affected records and compare committed events.,"Single and five-stop searches expose pickup ready-by, windows, vehicle/load, scope hash and guaranteed total fare before accept.",Written requirement; implementation test not executed,QA + P07,Not executed; attach run ID and observed assertions during implementation,Isolated test database/API or named device harness,,Behavior case written; event assertions not yet specified in this legacy case
QA-BC-03,BC-03,product/P07-FREELANCE-BROADCAST-ACCEPTANCE-AND-CHANGES.md,domain_integration,"FIXTURES.md; A/B, D1–D5/DQ, T1, S/N/F1/F2, SL1/SL2 as named","Authorized actor for ExpandBroadcast; identity/tenant from fixture, with negative actor when specified",ExpandBroadcast,Set up named fixture; execute ExpandBroadcast under the condition in expected outcome; query affected records and compare committed events.,Wave radius advances from configured1000m to3000m; deadlines come from server and wrong/older wave requests do not resend expired offers.,Written requirement; implementation test not executed,QA + P07,Not executed; attach run ID and observed assertions during implementation,Isolated test database/API or named device harness,,Behavior case written; event assertions not yet specified in this legacy case
QA-BC-04,BC-04,product/P07-FREELANCE-BROADCAST-ACCEPTANCE-AND-CHANGES.md,domain_integration,"FIXTURES.md; A/B, D1–D5/DQ, T1, S/N/F1/F2, SL1/SL2 as named","Authorized actor for GetBroadcasts; identity/tenant from fixture, with negative actor when specified",GetBroadcasts,Set up named fixture; execute GetBroadcasts under the condition in expected outcome; query affected records and compare committed events.,Bangkok and Hua Hin searches run concurrently; city filter shows correct jobs and acceptance opens the matching city context.,Written requirement; implementation test not executed,QA + P07,Not executed; attach run ID and observed assertions during implementation,Isolated test database/API or named device harness,,Behavior case written; event assertions not yet specified in this legacy case
QA-BC-05,BC-05,product/P07-FREELANCE-BROADCAST-ACCEPTANCE-AND-CHANGES.md,domain_integration,"FIXTURES.md; A/B, D1–D5/DQ, T1, S/N/F1/F2, SL1/SL2 as named","Authorized actor for StopBroadcast,RestartBroadcast; identity/tenant from fixture, with negative actor when specified","StopBroadcast,RestartBroadcast","Set up named fixture; execute StopBroadcast,RestartBroadcast under the condition in expected outcome; query affected records and compare committed events.","Stop search then restart: new broadcast/offer IDs, old offers remain withdrawn, no old offer can win.",Written requirement; implementation test not executed,QA + P07,Not executed; attach run ID and observed assertions during implementation,Isolated test database/API or named device harness,,Behavior case written; event assertions not yet specified in this legacy case
QA-BC-06,BC-06,product/P07-FREELANCE-BROADCAST-ACCEPTANCE-AND-CHANGES.md,domain_integration,"FIXTURES.md; A/B, D1–D5/DQ, T1, S/N/F1/F2, SL1/SL2 as named","Authorized actor for RespondOffer; identity/tenant from fixture, with negative actor when specified",RespondOffer,Set up named fixture; execute RespondOffer under the condition in expected outcome; query affected records and compare committed events.,"F1/F2 accept same scope concurrently: exactly one agreement/claim owner/committed range; loser sees taken or CLAIM_TAKEN, never another tenant's job.",Written requirement; implementation test not executed,QA + P07,Not executed; attach run ID and observed assertions during implementation,Isolated test database/API or named device harness,,Behavior case written; event assertions not yet specified in this legacy case
QA-BC-07,BC-07,product/P07-FREELANCE-BROADCAST-ACCEPTANCE-AND-CHANGES.md,domain_integration,"FIXTURES.md; A/B, D1–D5/DQ, T1, S/N/F1/F2, SL1/SL2 as named","Authorized actor for GetNetworkSupply; identity/tenant from fixture, with negative actor when specified",GetNetworkSupply,Set up named fixture; execute GetNetworkSupply under the condition in expected outcome; query affected records and compare committed events.,"Before acceptance supply returns area/distance-band aggregates and no exact freelancer latitude, recipient address or other merchant route.",Written requirement; implementation test not executed,QA + P07,Not executed; attach run ID and observed assertions during implementation,Isolated test database/API or named device harness,,Behavior case written; event assertions not yet specified in this legacy case
QA-BC-08,BC-08,product/P09-MESSAGES-CALLS-AND-NOTIFICATIONS.md,domain_integration,"FIXTURES.md; A/B, D1–D5/DQ, T1, S/N/F1/F2, SL1/SL2 as named","Authorized actor for OpenConversation,ConfirmArrival; identity/tenant from fixture, with negative actor when specified","OpenConversation,ConfirmArrival","Set up named fixture; execute OpenConversation,ConfirmArrival under the condition in expected outcome; query affected records and compare committed events.",Accepted freelancer map selection opens its job conversation; pickup arrival is explicitly recorded and does not claim goods collected.,Written requirement; implementation test not executed,QA + P09,Not executed; attach run ID and observed assertions during implementation,Isolated test database/API or named device harness,,Behavior case written; event assertions not yet specified in this legacy case
QA-BC-09,BC-09,product/P05-EXECUTION-CUSTODY-PROOF-AND-EXCEPTIONS.md,domain_integration,"FIXTURES.md; A/B, D1–D5/DQ, T1, S/N/F1/F2, SL1/SL2 as named","Authorized actor for ConfirmPickup,CompleteDelivery; identity/tenant from fixture, with negative actor when specified","ConfirmPickup,CompleteDelivery","Set up named fixture; execute ConfirmPickup,CompleteDelivery under the condition in expected outcome; query affected records and compare committed events.",Pickup5 then handoff5: custody and evidence transitions are separate; final completion requires verified required proof.,Written requirement; implementation test not executed,QA + P05,Not executed; attach run ID and observed assertions during implementation,Isolated test database/API or named device harness,,Behavior case written; event assertions not yet specified in this legacy case
QA-BC-10,BC-10,product/P07-FREELANCE-BROADCAST-ACCEPTANCE-AND-CHANGES.md,domain_integration,"FIXTURES.md; A/B, D1–D5/DQ, T1, S/N/F1/F2, SL1/SL2 as named","Authorized actor for ProposeChange,ReceiveReturn; identity/tenant from fixture, with negative actor when specified","ProposeChange,ReceiveReturn","Set up named fixture; execute ProposeChange,ReceiveReturn under the condition in expected outcome; query affected records and compare committed events.",Freelancer accepts return scope; base arrival alone leaves return open; receiver records actual quantities before completion.,Written requirement; implementation test not executed,QA + P07,Not executed; attach run ID and observed assertions during implementation,Isolated test database/API or named device harness,,Behavior case written; event assertions not yet specified in this legacy case
QA-BC-11,BC-11,product/P07-FREELANCE-BROADCAST-ACCEPTANCE-AND-CHANGES.md,domain_integration,"FIXTURES.md; A/B, D1–D5/DQ, T1, S/N/F1/F2, SL1/SL2 as named","Authorized actor for ProposeChange; identity/tenant from fixture, with negative actor when specified",ProposeChange,Set up named fixture; execute ProposeChange under the condition in expected outcome; query affected records and compare committed events.,"mode propose exposes old/new stop scope, fare delta and deadline; original accepted revision remains current before consent.",Written requirement; implementation test not executed,QA + P07,Not executed; attach run ID and observed assertions during implementation,Isolated test database/API or named device harness,,Behavior case written; event assertions not yet specified in this legacy case
QA-BC-12,BC-12,product/P07-FREELANCE-BROADCAST-ACCEPTANCE-AND-CHANGES.md,domain_integration,"FIXTURES.md; A/B, D1–D5/DQ, T1, S/N/F1/F2, SL1/SL2 as named","Authorized actor for RespondChange; identity/tenant from fixture, with negative actor when specified",RespondChange,Set up named fixture; execute RespondChange under the condition in expected outcome; query affected records and compare committed events.,"Expired, wrong-driver or duplicate response cannot partially apply amendment; duplicate original acceptance replays same revision ID.",Written requirement; implementation test not executed,QA + P07,Not executed; attach run ID and observed assertions during implementation,Isolated test database/API or named device harness,,Behavior case written; event assertions not yet specified in this legacy case
QA-BC-13,BC-13,product/P07-FREELANCE-BROADCAST-ACCEPTANCE-AND-CHANGES.md,domain_integration,"FIXTURES.md; A/B, D1–D5/DQ, T1, S/N/F1/F2, SL1/SL2 as named","Authorized actor for CancelAgreement,InitiateTransfer; identity/tenant from fixture, with negative actor when specified","CancelAgreement,InitiateTransfer","Set up named fixture; execute CancelAgreement,InitiateTransfer under the condition in expected outcome; query affected records and compare committed events.",Unable-to-continue after pickup creates explicit remaining goods obligations and compensation; no simple unassign loses custody.,Written requirement; implementation test not executed,QA + P07,Not executed; attach run ID and observed assertions during implementation,Isolated test database/API or named device harness,,Behavior case written; event assertions not yet specified in this legacy case
QA-BC-14,BC-14,product/P07-FREELANCE-BROADCAST-ACCEPTANCE-AND-CHANGES.md,scope_review,"FIXTURES.md; A/B, D1–D5/DQ, T1, S/N/F1/F2, SL1/SL2 as named","Authorized actor for Deferred; identity/tenant from fixture, with negative actor when specified",Deferred,Set up named fixture; execute Deferred under the condition in expected outcome; query affected records and compare committed events.,Reputation ranking/on-route matching absent from current eligibility ordering; nearest-first rules remain deterministic.,Written requirement; implementation test not executed,QA + P07,Not executed; attach run ID and observed assertions during implementation,Isolated test database/API or named device harness,,Behavior case written; event assertions not yet specified in this legacy case
QA-BC-15,BC-15,product/P15-COMMERCIAL-LEDGER-AND-DEFERRED-SCOPE.md,domain_integration,"FIXTURES.md; A/B, D1–D5/DQ, T1, S/N/F1/F2, SL1/SL2 as named","Authorized actor for DecideDispute,RecordSettlement; identity/tenant from fixture, with negative actor when specified","DecideDispute,RecordSettlement","Set up named fixture; execute DecideDispute,RecordSettlement under the condition in expected outcome; query affected records and compare committed events.",Earned amount and paid reference are separate facts; authorized dispute adjustment appends an event and does not overwrite original amount.,Written requirement; implementation test not executed,QA + P15,Not executed; attach run ID and observed assertions during implementation,Isolated test database/API or named device harness,,Behavior case written; event assertions not yet specified in this legacy case
QA-IC-01,IC-01,product/P08-INTERCITY-TRANSPORT-AND-HANDOFFS.md,domain_integration,"FIXTURES.md; A/B, D1–D5/DQ, T1, S/N/F1/F2, SL1/SL2 as named","Authorized actor for GetTrips; identity/tenant from fixture, with negative actor when specified",GetTrips,Set up named fixture; execute GetTrips under the condition in expected outcome; query affected records and compare committed events.,National city drill-down retains selected trip and shows permitted origin/destination sites only.,Written requirement; implementation test not executed,QA + P08,Not executed; attach run ID and observed assertions during implementation,Isolated test database/API or named device harness,,Behavior case written; event assertions not yet specified in this legacy case
QA-IC-02,IC-02,product/P08-INTERCITY-TRANSPORT-AND-HANDOFFS.md,visual_interaction,"FIXTURES.md; A/B, D1–D5/DQ, T1, S/N/F1/F2, SL1/SL2 as named","Authorized actor for UI; identity/tenant from fixture, with negative actor when specified",UI,Set up named fixture; execute UI under the condition in expected outcome; query affected records and compare committed events.,Zoom/pan/pitch national map: marker geography stays fixed; stale sample is labelled stale and remaining time uses current ETA provenance.,Written requirement; implementation test not executed,QA + P08,Not executed; attach run ID and observed assertions during implementation,UI prototype,,Behavior case written; event assertions not yet specified in this legacy case
QA-IC-03,IC-03,product/P08-INTERCITY-TRANSPORT-AND-HANDOFFS.md,domain_integration,"FIXTURES.md; A/B, D1–D5/DQ, T1, S/N/F1/F2, SL1/SL2 as named","Authorized actor for SaveTrip,ScheduleTrip; identity/tenant from fixture, with negative actor when specified","SaveTrip,ScheduleTrip","Set up named fixture; execute SaveTrip,ScheduleTrip under the condition in expected outcome; query affected records and compare committed events.","Trip requires explicit origin/destination, driver/vehicle, window and receiver; schedule creates one committed driver range.",Written requirement; implementation test not executed,QA + P08,Not executed; attach run ID and observed assertions during implementation,Isolated test database/API or named device harness,,Behavior case written; event assertions not yet specified in this legacy case
QA-IC-04,IC-04,product/P08-INTERCITY-TRANSPORT-AND-HANDOFFS.md,domain_integration,"FIXTURES.md; A/B, D1–D5/DQ, T1, S/N/F1/F2, SL1/SL2 as named","Authorized actor for BookTrip; identity/tenant from fixture, with negative actor when specified",BookTrip,Set up named fixture; execute BookTrip under the condition in expected outcome; query affected records and compare committed events.,Book5 units against capacity 4: PHYSICAL_INCOMPATIBILITY; no partial booking. Booking while preparation unknown is allowed when expected capacity/time valid.,Written requirement; implementation test not executed,QA + P08,Not executed; attach run ID and observed assertions during implementation,Isolated test database/API or named device harness,,Behavior case written; event assertions not yet specified in this legacy case
QA-IC-05,IC-05,product/P08-INTERCITY-TRANSPORT-AND-HANDOFFS.md,domain_integration,"FIXTURES.md; A/B, D1–D5/DQ, T1, S/N/F1/F2, SL1/SL2 as named","Authorized actor for ReceiveTrip,StagePlan; identity/tenant from fixture, with negative actor when specified","ReceiveTrip,StagePlan","Set up named fixture; execute ReceiveTrip,StagePlan under the condition in expected outcome; query affected records and compare committed events.","Stage all routes at 07:00; at 09:00 receive 4 of 5 units: ready independent Rounds may release, missing line stays staged with a receipt blocker.",Written requirement; implementation test not executed,QA + P08,Not executed; attach run ID and observed assertions during implementation,Isolated test database/API or named device harness,,Behavior case written; event assertions not yet specified in this legacy case
QA-IC-06,IC-06,product/P09-MESSAGES-CALLS-AND-NOTIFICATIONS.md,domain_integration,"FIXTURES.md; A/B, D1–D5/DQ, T1, S/N/F1/F2, SL1/SL2 as named","Authorized actor for OpenConversation; identity/tenant from fixture, with negative actor when specified",OpenConversation,Set up named fixture; execute OpenConversation under the condition in expected outcome; query affected records and compare committed events.,Linehaul trip chat and local Round chat have distinct context IDs/participants; a draft in one cannot send into the other.,Written requirement; implementation test not executed,QA + P09,Not executed; attach run ID and observed assertions during implementation,Isolated test database/API or named device harness,,Behavior case written; event assertions not yet specified in this legacy case
QA-IC-07,IC-07,product/P08-INTERCITY-TRANSPORT-AND-HANDOFFS.md,domain_integration,"FIXTURES.md; A/B, D1–D5/DQ, T1, S/N/F1/F2, SL1/SL2 as named","Authorized actor for GetHistory; identity/tenant from fixture, with negative actor when specified",GetHistory,Set up named fixture; execute GetHistory under the condition in expected outcome; query affected records and compare committed events.,"Trip activity separates booked5, loaded5, received4 and one discrepancy with receiver actor and timestamps.",Written requirement; implementation test not executed,QA + P08,Not executed; attach run ID and observed assertions during implementation,Isolated test database/API or named device harness,,Behavior case written; event assertions not yet specified in this legacy case
QA-IC-08,IC-08,product/P08-INTERCITY-TRANSPORT-AND-HANDOFFS.md,visual_interaction,"FIXTURES.md; A/B, D1–D5/DQ, T1, S/N/F1/F2, SL1/SL2 as named","Authorized actor for UI; identity/tenant from fixture, with negative actor when specified",UI,Set up named fixture; execute UI under the condition in expected outcome; query affected records and compare committed events.,"Open Intercity handoffs from city Plan and return: selected service date, city and planned routes remain unchanged.",Written requirement; implementation test not executed,QA + P08,Not executed; attach run ID and observed assertions during implementation,UI prototype,,Behavior case written; event assertions not yet specified in this legacy case
QA-IC-09,IC-09,product/P03-DELIVERY-SLOTS-AND-OPERATING-CALENDARS.md,domain_integration,"FIXTURES.md; A/B, D1–D5/DQ, T1, S/N/F1/F2, SL1/SL2 as named","Authorized actor for MoveDeliveryWindow; identity/tenant from fixture, with negative actor when specified",MoveDeliveryWindow,Set up named fixture; execute MoveDeliveryWindow under the condition in expected outcome; query affected records and compare committed events.,"Destination cutoff differs from origin: promised delivery window uses destination timezone, transport times retain origin/destination instants.",Written requirement; implementation test not executed,QA + P03,Not executed; attach run ID and observed assertions during implementation,Isolated test database/API or named device harness,,Behavior case written; event assertions not yet specified in this legacy case
QA-IC-10,IC-10,product/P08-INTERCITY-TRANSPORT-AND-HANDOFFS.md,scope_review,"FIXTURES.md; A/B, D1–D5/DQ, T1, S/N/F1/F2, SL1/SL2 as named","Authorized actor for Deferred; identity/tenant from fixture, with negative actor when specified",Deferred,Set up named fixture; execute Deferred under the condition in expected outcome; query affected records and compare committed events.,"No temperature threshold, refrigerated holding safety or cold-chain guarantee is enabled by a receipt event.",Written requirement; implementation test not executed,QA + P08,Not executed; attach run ID and observed assertions during implementation,Isolated test database/API or named device harness,,Behavior case written; event assertions not yet specified in this legacy case
QA-IC-11,IC-11,product/P01-PRODUCT-TENANCY-AND-AUTHORITY.md,domain_integration,"FIXTURES.md; A/B, D1–D5/DQ, T1, S/N/F1/F2, SL1/SL2 as named","Authorized actor for SaveCity; identity/tenant from fixture, with negative actor when specified",SaveCity,Set up named fixture; execute SaveCity under the condition in expected outcome; query affected records and compare committed events.,A second country requires explicit timezone/currency/provider coverage; no Thailand-only assumption rewrites its local date.,Written requirement; implementation test not executed,QA + P01,Not executed; attach run ID and observed assertions during implementation,Isolated test database/API or named device harness,,Behavior case written; event assertions not yet specified in this legacy case
QA-MP-01,MP-01,product/P10-MAPS-NAVIGATION-AND-LOCATION-KNOWLEDGE.md,visual_interaction,"FIXTURES.md; A/B, D1–D5/DQ, T1, S/N/F1/F2, SL1/SL2 as named","Authorized actor for UI; identity/tenant from fixture, with negative actor when specified",UI,Set up named fixture; execute UI under the condition in expected outcome; query affected records and compare committed events.,Switch Operations/Satellite/3D and back: selected driver/stop remains selected and attribution remains visible.,Written requirement; implementation test not executed,QA + P10,Not executed; attach run ID and observed assertions during implementation,UI prototype,,Behavior case written; event assertions not yet specified in this legacy case
QA-MP-02,MP-02,product/P10-MAPS-NAVIGATION-AND-LOCATION-KNOWLEDGE.md,visual_interaction,"FIXTURES.md; A/B, D1–D5/DQ, T1, S/N/F1/F2, SL1/SL2 as named","Authorized actor for UI; identity/tenant from fixture, with negative actor when specified",UI,Set up named fixture; execute UI under the condition in expected outcome; query affected records and compare committed events.,"Driver, vehicle and numbered delivery pins match returned IDs; selecting a stop highlights only its route.",Written requirement; implementation test not executed,QA + P10,Not executed; attach run ID and observed assertions during implementation,UI prototype,,Behavior case written; event assertions not yet specified in this legacy case
QA-MP-03,MP-03,product/P10-MAPS-NAVIGATION-AND-LOCATION-KNOWLEDGE.md,visual_interaction,"FIXTURES.md; A/B, D1–D5/DQ, T1, S/N/F1/F2, SL1/SL2 as named","Authorized actor for UI; identity/tenant from fixture, with negative actor when specified",UI,Set up named fixture; execute UI under the condition in expected outcome; query affected records and compare committed events.,"Fit selected route, rotate and restore map: board context and delivery rail selection are preserved.",Written requirement; implementation test not executed,QA + P10,Not executed; attach run ID and observed assertions during implementation,UI prototype,,Behavior case written; event assertions not yet specified in this legacy case
QA-MP-04,MP-04,product/P10-MAPS-NAVIGATION-AND-LOCATION-KNOWLEDGE.md,domain_integration,"FIXTURES.md; A/B, D1–D5/DQ, T1, S/N/F1/F2, SL1/SL2 as named","Authorized actor for GetRouteEstimate; identity/tenant from fixture, with negative actor when specified",GetRouteEstimate,Set up named fixture; execute GetRouteEstimate under the condition in expected outcome; query affected records and compare committed events.,Traffic unavailable gives traffic_state unavailable; a drawn traffic layer alone does not change ETA provenance.,Written requirement; implementation test not executed,QA + P10,Not executed; attach run ID and observed assertions during implementation,Isolated test database/API or named device harness,,Behavior case written; event assertions not yet specified in this legacy case
QA-MP-05,MP-05,product/P10-MAPS-NAVIGATION-AND-LOCATION-KNOWLEDGE.md,visual_interaction,"FIXTURES.md; A/B, D1–D5/DQ, T1, S/N/F1/F2, SL1/SL2 as named","Authorized actor for UI; identity/tenant from fixture, with negative actor when specified",UI,Set up named fixture; execute UI under the condition in expected outcome; query affected records and compare committed events.,Rain provider unavailable shows layer unavailable/retry; no random sample rain is labelled live.,Written requirement; implementation test not executed,QA + P10,Not executed; attach run ID and observed assertions during implementation,UI prototype,,Behavior case written; event assertions not yet specified in this legacy case
QA-MP-06,MP-06,product/P10-MAPS-NAVIGATION-AND-LOCATION-KNOWLEDGE.md,domain_integration,"FIXTURES.md; A/B, D1–D5/DQ, T1, S/N/F1/F2, SL1/SL2 as named","Authorized actor for GetRouteEstimate; identity/tenant from fixture, with negative actor when specified",GetRouteEstimate,Set up named fixture; execute GetRouteEstimate under the condition in expected outcome; query affected records and compare committed events.,"Planned Mapbox geometry, Google navigation intent and measured trail have distinct source/type identifiers.",Written requirement; implementation test not executed,QA + P10,Not executed; attach run ID and observed assertions during implementation,Isolated test database/API or named device harness,,Behavior case written; event assertions not yet specified in this legacy case
QA-MP-07,MP-07,product/P10-MAPS-NAVIGATION-AND-LOCATION-KNOWLEDGE.md,visual_interaction,"FIXTURES.md; A/B, D1–D5/DQ, T1, S/N/F1/F2, SL1/SL2 as named","Authorized actor for UI; identity/tenant from fixture, with negative actor when specified",UI,Set up named fixture; execute UI under the condition in expected outcome; query affected records and compare committed events.,Invalid map key leaves searchable delivery list and plan actions usable; error shows retry and never hides all work behind indefinite loading.,Written requirement; implementation test not executed,QA + P10,Not executed; attach run ID and observed assertions during implementation,UI prototype,,Behavior case written; event assertions not yet specified in this legacy case
QA-MP-08,MP-08,product/P10-MAPS-NAVIGATION-AND-LOCATION-KNOWLEDGE.md,domain_integration,"FIXTURES.md; A/B, D1–D5/DQ, T1, S/N/F1/F2, SL1/SL2 as named","Authorized actor for CreateNavigationIntent; identity/tenant from fixture, with negative actor when specified",CreateNavigationIntent,Set up named fixture; execute CreateNavigationIntent under the condition in expected outcome; query affected records and compare committed events.,Unverified vehicle/profile returns UNSUPPORTED_PROFILE; Mapbox cycling is never labelled Thai motorcycle navigation.,Written requirement; implementation test not executed,QA + P10,Not executed; attach run ID and observed assertions during implementation,Isolated test database/API or named device harness,,Behavior case written; event assertions not yet specified in this legacy case
QA-CM-01,CM-01,product/P09-MESSAGES-CALLS-AND-NOTIFICATIONS.md,domain_integration,"FIXTURES.md; A/B, D1–D5/DQ, T1, S/N/F1/F2, SL1/SL2 as named","Authorized actor for OpenConversation; identity/tenant from fixture, with negative actor when specified",OpenConversation,Set up named fixture; execute OpenConversation under the condition in expected outcome; query affected records and compare committed events.,Click driver marker then Message: open that authorized Round conversation directly without a mandatory header-inbox step.,Written requirement; implementation test not executed,QA + P09,Not executed; attach run ID and observed assertions during implementation,Isolated test database/API or named device harness,,Behavior case written; event assertions not yet specified in this legacy case
QA-CM-02,CM-02,product/P09-MESSAGES-CALLS-AND-NOTIFICATIONS.md,domain_integration,"FIXTURES.md; A/B, D1–D5/DQ, T1, S/N/F1/F2, SL1/SL2 as named","Authorized actor for OpenConversation; identity/tenant from fixture, with negative actor when specified",OpenConversation,Set up named fixture; execute OpenConversation under the condition in expected outcome; query affected records and compare committed events.,Reopen same job: same conversation ID and unread count; switch context without losing the saved draft in original thread.,Written requirement; implementation test not executed,QA + P09,Not executed; attach run ID and observed assertions during implementation,Isolated test database/API or named device harness,,Behavior case written; event assertions not yet specified in this legacy case
QA-CM-03,CM-03,product/P09-MESSAGES-CALLS-AND-NOTIFICATIONS.md,domain_integration,"FIXTURES.md; A/B, D1–D5/DQ, T1, S/N/F1/F2, SL1/SL2 as named","Authorized actor for SendMessage; identity/tenant from fixture, with negative actor when specified",SendMessage,Set up named fixture; execute SendMessage under the condition in expected outcome; query affected records and compare committed events.,Text plus two assets with one upload failure remains staged; retry sends only missing attachment and duplicate client_message_id creates one message.,Written requirement; implementation test not executed,QA + P09,Not executed; attach run ID and observed assertions during implementation,Isolated test database/API or named device harness,,Behavior case written; event assertions not yet specified in this legacy case
QA-CM-04,CM-04,product/P09-MESSAGES-CALLS-AND-NOTIFICATIONS.md,domain_integration,"FIXTURES.md; A/B, D1–D5/DQ, T1, S/N/F1/F2, SL1/SL2 as named","Authorized actor for StartCall,RespondCall; identity/tenant from fixture, with negative actor when specified","StartCall,RespondCall","Set up named fixture; execute StartCall,RespondCall under the condition in expected outcome; query affected records and compare committed events.",Call events distinguish ringing/connected/missed/declined; dialer launch alone cannot become connected and manual outcome is labelled manual.,Written requirement; implementation test not executed,QA + P09,Not executed; attach run ID and observed assertions during implementation,Isolated test database/API or named device harness,,Behavior case written; event assertions not yet specified in this legacy case
QA-CM-05,CM-05,product/P09-MESSAGES-CALLS-AND-NOTIFICATIONS.md,domain_integration,"FIXTURES.md; A/B, D1–D5/DQ, T1, S/N/F1/F2, SL1/SL2 as named","Authorized actor for GetConversation; identity/tenant from fixture, with negative actor when specified",GetConversation,Set up named fixture; execute GetConversation under the condition in expected outcome; query affected records and compare committed events.,Conversation history lists messages/calls separately from operational custody events and preserves their exact supplied delivery context.,Written requirement; implementation test not executed,QA + P09,Not executed; attach run ID and observed assertions during implementation,Isolated test database/API or named device harness,,Behavior case written; event assertions not yet specified in this legacy case
QA-CM-06,CM-06,product/P09-MESSAGES-CALLS-AND-NOTIFICATIONS.md,domain_integration,"FIXTURES.md; A/B, D1–D5/DQ, T1, S/N/F1/F2, SL1/SL2 as named","Authorized actor for SendMessage; identity/tenant from fixture, with negative actor when specified",SendMessage,Set up named fixture; execute SendMessage under the condition in expected outcome; query affected records and compare committed events.,Reassign driver while draft open: sending to obsolete participant is denied or requires explicit retarget; never silently changes recipient.,Written requirement; implementation test not executed,QA + P09,Not executed; attach run ID and observed assertions during implementation,Isolated test database/API or named device harness,,Behavior case written; event assertions not yet specified in this legacy case
QA-CM-07,CM-07,product/P09-MESSAGES-CALLS-AND-NOTIFICATIONS.md,domain_integration,"FIXTURES.md; A/B, D1–D5/DQ, T1, S/N/F1/F2, SL1/SL2 as named","Authorized actor for ExchangeTrackingToken; identity/tenant from fixture, with negative actor when specified",ExchangeTrackingToken,Set up named fixture; execute ExchangeTrackingToken under the condition in expected outcome; query affected records and compare committed events.,Recipient token excludes buyer identity/price/surprise text before allowed stage; buyer token does not expose unrelated deliveries.,Written requirement; implementation test not executed,QA + P09,Not executed; attach run ID and observed assertions during implementation,Isolated test database/API or named device harness,,Behavior case written; event assertions not yet specified in this legacy case
QA-CM-08,CM-08,product/P13-SETTINGS-POLICY-AND-ADMINISTRATION.md,domain_integration,"FIXTURES.md; A/B, D1–D5/DQ, T1, S/N/F1/F2, SL1/SL2 as named","Authorized actor for SavePolicy; identity/tenant from fixture, with negative actor when specified",SavePolicy,Set up named fixture; execute SavePolicy under the condition in expected outcome; query affected records and compare committed events.,Configure eight named customer events: unknown event name rejects schema; each configured recipient/channel receives at most one deduped effect.,Written requirement; implementation test not executed,QA + P13,Not executed; attach run ID and observed assertions during implementation,Isolated test database/API or named device harness,,Behavior case written; event assertions not yet specified in this legacy case
QA-CM-09,CM-09,product/P09-MESSAGES-CALLS-AND-NOTIFICATIONS.md,domain_integration,"FIXTURES.md; A/B, D1–D5/DQ, T1, S/N/F1/F2, SL1/SL2 as named","Authorized actor for SendMessage; identity/tenant from fixture, with negative actor when specified",SendMessage,Set up named fixture; execute SendMessage under the condition in expected outcome; query affected records and compare committed events.,"Server receipt is Sent, provider/device delivery is Delivered, explicit read receipt is Read; timeout stays unknown/retryable.",Written requirement; implementation test not executed,QA + P09,Not executed; attach run ID and observed assertions during implementation,Isolated test database/API or named device harness,,Behavior case written; event assertions not yet specified in this legacy case
QA-CM-10,CM-10,product/P05-EXECUTION-CUSTODY-PROOF-AND-EXCEPTIONS.md,domain_integration,"FIXTURES.md; A/B, D1–D5/DQ, T1, S/N/F1/F2, SL1/SL2 as named","Authorized actor for CompleteDelivery; identity/tenant from fixture, with negative actor when specified",CompleteDelivery,Set up named fixture; execute CompleteDelivery under the condition in expected outcome; query affected records and compare committed events.,Notification provider fails after completed handoff/POD: delivery stays delivered and notification job records failed/unknown independently.,Written requirement; implementation test not executed,QA + P05,Not executed; attach run ID and observed assertions during implementation,Isolated test database/API or named device harness,,Behavior case written; event assertions not yet specified in this legacy case
QA-HI-01,HI-01,product/P11-HISTORY-INVESTIGATION-AND-EXPORTS.md,domain_integration,"FIXTURES.md; A/B, D1–D5/DQ, T1, S/N/F1/F2, SL1/SL2 as named","Authorized actor for GetHistory; identity/tenant from fixture, with negative actor when specified",GetHistory,Set up named fixture; execute GetHistory under the condition in expected outcome; query affected records and compare committed events.,Filter period/driver/incident: returned rows and totals use identical filters with stable cursor pagination.,Written requirement; implementation test not executed,QA + P11,Not executed; attach run ID and observed assertions during implementation,Isolated test database/API or named device harness,,Behavior case written; event assertions not yet specified in this legacy case
QA-HI-02,HI-02,product/P11-HISTORY-INVESTIGATION-AND-EXPORTS.md,domain_integration,"FIXTURES.md; A/B, D1–D5/DQ, T1, S/N/F1/F2, SL1/SL2 as named","Authorized actor for GetHistory; identity/tenant from fixture, with negative actor when specified",GetHistory,Set up named fixture; execute GetHistory under the condition in expected outcome; query affected records and compare committed events.,"On-time metric names handoff versus promise and denominator; missing actual time is excluded and shown as missing, never zero-minute delivery.",Written requirement; implementation test not executed,QA + P11,Not executed; attach run ID and observed assertions during implementation,Isolated test database/API or named device harness,,Behavior case written; event assertions not yet specified in this legacy case
QA-HI-03,HI-03,product/P11-HISTORY-INVESTIGATION-AND-EXPORTS.md,domain_integration,"FIXTURES.md; A/B, D1–D5/DQ, T1, S/N/F1/F2, SL1/SL2 as named","Authorized actor for GetDelivery; identity/tenant from fixture, with negative actor when specified",GetDelivery,Set up named fixture; execute GetDelivery under the condition in expected outcome; query affected records and compare committed events.,Two attempts for D1 show original and rescheduled windows separately with their own proof/return references.,Written requirement; implementation test not executed,QA + P11,Not executed; attach run ID and observed assertions during implementation,Isolated test database/API or named device harness,,Behavior case written; event assertions not yet specified in this legacy case
QA-HI-04,HI-04,product/P11-HISTORY-INVESTIGATION-AND-EXPORTS.md,domain_integration,"FIXTURES.md; A/B, D1–D5/DQ, T1, S/N/F1/F2, SL1/SL2 as named","Authorized actor for GetAssetAccess; identity/tenant from fixture, with negative actor when specified",GetAssetAccess,Set up named fixture; execute GetAssetAccess under the condition in expected outcome; query affected records and compare committed events.,Authorized proof download returns short-lived purpose URL; another tenant receives NOT_AUTHORIZED and no URL.,Written requirement; implementation test not executed,QA + P11,Not executed; attach run ID and observed assertions during implementation,Isolated test database/API or named device harness,,Behavior case written; event assertions not yet specified in this legacy case
QA-HI-05,HI-05,product/P11-HISTORY-INVESTIGATION-AND-EXPORTS.md,domain_integration,"FIXTURES.md; A/B, D1–D5/DQ, T1, S/N/F1/F2, SL1/SL2 as named","Authorized actor for CorrectIncidentCause; identity/tenant from fixture, with negative actor when specified",CorrectIncidentCause,Set up named fixture; execute CorrectIncidentCause under the condition in expected outcome; query affected records and compare committed events.,Merchant waiting corrected by reviewer keeps original cause event and appends correction; driver score is not automatically reduced.,Written requirement; implementation test not executed,QA + P11,Not executed; attach run ID and observed assertions during implementation,Isolated test database/API or named device harness,,Behavior case written; event assertions not yet specified in this legacy case
QA-HI-06,HI-06,product/P11-HISTORY-INVESTIGATION-AND-EXPORTS.md,domain_integration,"FIXTURES.md; A/B, D1–D5/DQ, T1, S/N/F1/F2, SL1/SL2 as named","Authorized actor for GetHistory; identity/tenant from fixture, with negative actor when specified",GetHistory,Set up named fixture; execute GetHistory under the condition in expected outcome; query affected records and compare committed events.,Freelancer paused outside an agreement is not counted as failed attendance or poor delivery performance.,Written requirement; implementation test not executed,QA + P11,Not executed; attach run ID and observed assertions during implementation,Isolated test database/API or named device harness,,Behavior case written; event assertions not yet specified in this legacy case
QA-HI-07,HI-07,product/P11-HISTORY-INVESTIGATION-AND-EXPORTS.md,domain_integration,"FIXTURES.md; A/B, D1–D5/DQ, T1, S/N/F1/F2, SL1/SL2 as named","Authorized actor for GetHistory; identity/tenant from fixture, with negative actor when specified",GetHistory,Set up named fixture; execute GetHistory under the condition in expected outcome; query affected records and compare committed events.,"Investigation displays current assignment, physical custodian and unresolved obligation separately for cancelled-after-pickup D1.",Written requirement; implementation test not executed,QA + P11,Not executed; attach run ID and observed assertions during implementation,Isolated test database/API or named device harness,,Behavior case written; event assertions not yet specified in this legacy case
QA-HI-08,HI-08,product/P11-HISTORY-INVESTIGATION-AND-EXPORTS.md,domain_integration,"FIXTURES.md; A/B, D1–D5/DQ, T1, S/N/F1/F2, SL1/SL2 as named","Authorized actor for GetConversation; identity/tenant from fixture, with negative actor when specified",GetConversation,Set up named fixture; execute GetConversation under the condition in expected outcome; query affected records and compare committed events.,Only messages explicitly linked to D1 appear in D1 history; full related conversation opens separately with permission checks.,Written requirement; implementation test not executed,QA + P11,Not executed; attach run ID and observed assertions during implementation,Isolated test database/API or named device harness,,Behavior case written; event assertions not yet specified in this legacy case
QA-HI-09,HI-09,product/P11-HISTORY-INVESTIGATION-AND-EXPORTS.md,domain_integration,"FIXTURES.md; A/B, D1–D5/DQ, T1, S/N/F1/F2, SL1/SL2 as named","Authorized actor for RequestExport; identity/tenant from fixture, with negative actor when specified",RequestExport,Set up named fixture; execute RequestExport under the condition in expected outcome; query affected records and compare committed events.,Export query returns operation ID; ready export references one authorized asset and includes stable event IDs in CSV.,Written requirement; implementation test not executed,QA + P11,Not executed; attach run ID and observed assertions during implementation,Isolated test database/API or named device harness,,Behavior case written; event assertions not yet specified in this legacy case
QA-HI-10,HI-10,product/P11-HISTORY-INVESTIGATION-AND-EXPORTS.md,domain_integration,"FIXTURES.md; A/B, D1–D5/DQ, T1, S/N/F1/F2, SL1/SL2 as named","Authorized actor for GetHistory; identity/tenant from fixture, with negative actor when specified",GetHistory,Set up named fixture; execute GetHistory under the condition in expected outcome; query affected records and compare committed events.,Reused customer order number across two source connections resolves by immutable delivery/source IDs; old evidence does not attach to new order.,Written requirement; implementation test not executed,QA + P11,Not executed; attach run ID and observed assertions during implementation,Isolated test database/API or named device harness,,Behavior case written; event assertions not yet specified in this legacy case
QA-ST-01,ST-01,product/P13-SETTINGS-POLICY-AND-ADMINISTRATION.md,domain_integration,"FIXTURES.md; A/B, D1–D5/DQ, T1, S/N/F1/F2, SL1/SL2 as named","Authorized actor for SavePolicy; identity/tenant from fixture, with negative actor when specified",SavePolicy,Set up named fixture; execute SavePolicy under the condition in expected outcome; query affected records and compare committed events.,Own-fleet auto insertion within bounds applies through ApplyOwnFleetAutomation; it never invokes StartBroadcast.,Written requirement; implementation test not executed,QA + P13,Not executed; attach run ID and observed assertions during implementation,Isolated test database/API or named device harness,,Behavior case written; event assertions not yet specified in this legacy case
QA-ST-02,ST-02,product/P03-DELIVERY-SLOTS-AND-OPERATING-CALENDARS.md,domain_integration,"FIXTURES.md; A/B, D1–D5/DQ, T1, S/N/F1/F2, SL1/SL2 as named","Authorized actor for SaveSlotTemplate,SetSlotOverride; identity/tenant from fixture, with negative actor when specified","SaveSlotTemplate,SetSlotOverride","Set up named fixture; execute SaveSlotTemplate,SetSlotOverride under the condition in expected outcome; query affected records and compare committed events.",Site+brand slot wins over city default; ambiguous same-specificity slots reject instead of consuming both counters.,Written requirement; implementation test not executed,QA + P03,Not executed; attach run ID and observed assertions during implementation,Isolated test database/API or named device harness,,Behavior case written; event assertions not yet specified in this legacy case
QA-ST-03,ST-03,product/P13-SETTINGS-POLICY-AND-ADMINISTRATION.md,domain_integration,"FIXTURES.md; A/B, D1–D5/DQ, T1, S/N/F1/F2, SL1/SL2 as named","Authorized actor for SavePolicy; identity/tenant from fixture, with negative actor when specified",SavePolicy,Set up named fixture; execute SavePolicy under the condition in expected outcome; query affected records and compare committed events.,Broadcast config with decreasing radii or response0 rejects; accepted work is unaffected by disabling new searches.,Written requirement; implementation test not executed,QA + P13,Not executed; attach run ID and observed assertions during implementation,Isolated test database/API or named device harness,,Behavior case written; event assertions not yet specified in this legacy case
QA-ST-04,ST-04,product/P13-SETTINGS-POLICY-AND-ADMINISTRATION.md,domain_integration,"FIXTURES.md; A/B, D1–D5/DQ, T1, S/N/F1/F2, SL1/SL2 as named","Authorized actor for SetFeature; identity/tenant from fixture, with negative actor when specified",SetFeature,Set up named fixture; execute SetFeature under the condition in expected outcome; query affected records and compare committed events.,"Intercity off hides new-trip controls, preserves local city switching and in-flight recovery; temperature remains off.",Written requirement; implementation test not executed,QA + P13,Not executed; attach run ID and observed assertions during implementation,Isolated test database/API or named device harness,,Behavior case written; event assertions not yet specified in this legacy case
QA-ST-05,ST-05,product/P12-COMMERCE-TRACKING-AND-CUSTOMER-COMMUNICATION.md,domain_integration,"FIXTURES.md; A/B, D1–D5/DQ, T1, S/N/F1/F2, SL1/SL2 as named","Authorized actor for SaveConnection; identity/tenant from fixture, with negative actor when specified",SaveConnection,Set up named fixture; execute SaveConnection under the condition in expected outcome; query affected records and compare committed events.,Two WooCommerce stores in tenant A keep independent source keys/city defaults; provider replay keys include connection ID.,Written requirement; implementation test not executed,QA + P12,Not executed; attach run ID and observed assertions during implementation,Isolated test database/API or named device harness,,Behavior case written; event assertions not yet specified in this legacy case
QA-ST-06,ST-06,product/P12-COMMERCE-TRACKING-AND-CUSTOMER-COMMUNICATION.md,domain_integration,"FIXTURES.md; A/B, D1–D5/DQ, T1, S/N/F1/F2, SL1/SL2 as named","Authorized actor for SaveConnection; identity/tenant from fixture, with negative actor when specified",SaveConnection,Set up named fixture; execute SaveConnection under the condition in expected outcome; query affected records and compare committed events.,Read-only intake permission rejects writeback even when connection otherwise active; paid-order hold remains a distinct policy.,Written requirement; implementation test not executed,QA + P12,Not executed; attach run ID and observed assertions during implementation,Isolated test database/API or named device harness,,Behavior case written; event assertions not yet specified in this legacy case
QA-ST-07,ST-07,product/P12-COMMERCE-TRACKING-AND-CUSTOMER-COMMUNICATION.md,domain_integration,"FIXTURES.md; A/B, D1–D5/DQ, T1, S/N/F1/F2, SL1/SL2 as named","Authorized actor for ReviewSourceRevision; identity/tenant from fixture, with negative actor when specified",ReviewSourceRevision,Set up named fixture; execute ReviewSourceRevision under the condition in expected outcome; query affected records and compare committed events.,Older source update is ignored/audited; changed dispatched destination creates review/proposal and cannot overwrite collected manifest.,Written requirement; implementation test not executed,QA + P12,Not executed; attach run ID and observed assertions during implementation,Isolated test database/API or named device harness,,Behavior case written; event assertions not yet specified in this legacy case
QA-ST-08,ST-08,product/P13-SETTINGS-POLICY-AND-ADMINISTRATION.md,domain_integration,"FIXTURES.md; A/B, D1–D5/DQ, T1, S/N/F1/F2, SL1/SL2 as named","Authorized actor for ReceiveIntegrationEvent; identity/tenant from fixture, with negative actor when specified",ReceiveIntegrationEvent,Set up named fixture; execute ReceiveIntegrationEvent under the condition in expected outcome; query affected records and compare committed events.,Same provider event ID/hash returns same receipt; same ID/changed hash quarantines with IDEMPOTENCY_CONFLICT.,Written requirement; implementation test not executed,QA + P13,Not executed; attach run ID and observed assertions during implementation,Isolated test database/API or named device harness,,Behavior case written; event assertions not yet specified in this legacy case
QA-ST-09,ST-09,product/P12-COMMERCE-TRACKING-AND-CUSTOMER-COMMUNICATION.md,domain_integration,"FIXTURES.md; A/B, D1–D5/DQ, T1, S/N/F1/F2, SL1/SL2 as named","Authorized actor for SetConnectionState; identity/tenant from fixture, with negative actor when specified",SetConnectionState,Set up named fixture; execute SetConnectionState under the condition in expected outcome; query affected records and compare committed events.,"Pause/disconnect blocks new source work while existing delivery, proof and history remain accessible.",Written requirement; implementation test not executed,QA + P12,Not executed; attach run ID and observed assertions during implementation,Isolated test database/API or named device harness,,Behavior case written; event assertions not yet specified in this legacy case
QA-ST-10,ST-10,product/P13-SETTINGS-POLICY-AND-ADMINISTRATION.md,domain_integration,"FIXTURES.md; A/B, D1–D5/DQ, T1, S/N/F1/F2, SL1/SL2 as named","Authorized actor for SavePolicy; identity/tenant from fixture, with negative actor when specified",SavePolicy,Set up named fixture; execute SavePolicy under the condition in expected outcome; query affected records and compare committed events.,"Concurrent edits of policy revision2: one wins revision3, other STALE_VERSION; invalid bound leaves revision2/3 unchanged.",Written requirement; implementation test not executed,QA + P13,Not executed; attach run ID and observed assertions during implementation,Isolated test database/API or named device harness,,Behavior case written; event assertions not yet specified in this legacy case
QA-ST-11,ST-11,product/P13-SETTINGS-POLICY-AND-ADMINISTRATION.md,domain_integration,"FIXTURES.md; A/B, D1–D5/DQ, T1, S/N/F1/F2, SL1/SL2 as named","Authorized actor for GetDelivery; identity/tenant from fixture, with negative actor when specified",GetDelivery,Set up named fixture; execute GetDelivery under the condition in expected outcome; query affected records and compare committed events.,Forged tenant/city context and private object IDs are rejected at command/query and database scope; no service credentials reach client bundle.,Written requirement; implementation test not executed,QA + P13,Not executed; attach run ID and observed assertions during implementation,Isolated test database/API or named device harness,,Behavior case written; event assertions not yet specified in this legacy case
QA-ST-12,ST-12,product/P01-PRODUCT-TENANCY-AND-AUTHORITY.md,domain_integration,"FIXTURES.md; A/B, D1–D5/DQ, T1, S/N/F1/F2, SL1/SL2 as named","Authorized actor for SaveCity; identity/tenant from fixture, with negative actor when specified",SaveCity,Set up named fixture; execute SaveCity under the condition in expected outcome; query affected records and compare committed events.,Bangkok and another timezone materialize distinct UTC windows from local dates; DST gap/fold without resolution returns VALIDATION_FAILED.,Written requirement; implementation test not executed,QA + P01,Not executed; attach run ID and observed assertions during implementation,Isolated test database/API or named device harness,,Behavior case written; event assertions not yet specified in this legacy case
QA-ST-13,ST-13,product/P07-FREELANCE-BROADCAST-ACCEPTANCE-AND-CHANGES.md,domain_integration,"FIXTURES.md; A/B, D1–D5/DQ, T1, S/N/F1/F2, SL1/SL2 as named","Authorized actor for RespondOffer; identity/tenant from fixture, with negative actor when specified",RespondOffer,Set up named fixture; execute RespondOffer under the condition in expected outcome; query affected records and compare committed events.,Client clock ±10min cannot extend server offer deadline; duplicate/stale retries preserve one winner and original command result.,Written requirement; implementation test not executed,QA + P07,Not executed; attach run ID and observed assertions during implementation,Isolated test database/API or named device harness,,Behavior case written; event assertions not yet specified in this legacy case
QA-ST-14,ST-14,product/P01-PRODUCT-TENANCY-AND-AUTHORITY.md,domain_integration,"FIXTURES.md; A/B, D1–D5/DQ, T1, S/N/F1/F2, SL1/SL2 as named","Authorized actor for CreateTenant; identity/tenant from fixture, with negative actor when specified",CreateTenant,Set up named fixture; execute CreateTenant under the condition in expected outcome; query affected records and compare committed events.,"New tenant has owner/setup state; CommitDelivery before accepted proof policy returns POLICY_NOT_CONFIGURED, never uses sample policy ID.",Written requirement; implementation test not executed,QA + P01,Not executed; attach run ID and observed assertions during implementation,Isolated test database/API or named device harness,,Behavior case written; event assertions not yet specified in this legacy case
QA-DR-01,DR-01,product/P06-DRIVER-IDENTITY-FLEET-AND-WORK-MODES.md,domain_integration,"FIXTURES.md; A/B, D1–D5/DQ, T1, S/N/F1/F2, SL1/SL2 as named","Authorized actor for SaveDriverProfile; identity/tenant from fixture, with negative actor when specified",SaveDriverProfile,Set up named fixture; execute SaveDriverProfile under the condition in expected outcome; query affected records and compare committed events.,Choose Thai at first run then English in Profile: all visible action labels change without losing active job state.,Written requirement; implementation test not executed,QA + P06,Not executed; attach run ID and observed assertions during implementation,Isolated test database/API or named device harness,,Behavior case written; event assertions not yet specified in this legacy case
QA-DR-02,DR-02,product/P06-DRIVER-IDENTITY-FLEET-AND-WORK-MODES.md,domain_integration,"FIXTURES.md; A/B, D1–D5/DQ, T1, S/N/F1/F2, SL1/SL2 as named","Authorized actor for SubmitVerification; identity/tenant from fixture, with negative actor when specified",SubmitVerification,Set up named fixture; execute SubmitVerification under the condition in expected outcome; query affected records and compare committed events.,Document/photo correction keeps original evidence chain and provider/reviewer attribution; open-for-work remains blocked until authorized approval.,Written requirement; implementation test not executed,QA + P06,Not executed; attach run ID and observed assertions during implementation,Isolated test database/API or named device harness,,Behavior case written; event assertions not yet specified in this legacy case
QA-DR-03,DR-03,product/P06-DRIVER-IDENTITY-FLEET-AND-WORK-MODES.md,domain_integration,"FIXTURES.md; A/B, D1–D5/DQ, T1, S/N/F1/F2, SL1/SL2 as named","Authorized actor for StartShift,SetAvailability; identity/tenant from fixture, with negative actor when specified","StartShift,SetAvailability","Set up named fixture; execute StartShift,SetAvailability under the condition in expected outcome; query affected records and compare committed events.",Starting team shift and opening freelance availability are distinct actions; existing commitments prevent overlapping acceptance.,Written requirement; implementation test not executed,QA + P06,Not executed; attach run ID and observed assertions during implementation,Isolated test database/API or named device harness,,Behavior case written; event assertions not yet specified in this legacy case
QA-DR-04,DR-04,product/P07-FREELANCE-BROADCAST-ACCEPTANCE-AND-CHANGES.md,domain_integration,"FIXTURES.md; A/B, D1–D5/DQ, T1, S/N/F1/F2, SL1/SL2 as named","Authorized actor for RespondOffer; identity/tenant from fixture, with negative actor when specified",RespondOffer,Set up named fixture; execute RespondOffer under the condition in expected outcome; query affected records and compare committed events.,Expired offer shows expired and disables accept; late server response cannot resurrect the offer or duplicate a job.,Written requirement; implementation test not executed,QA + P07,Not executed; attach run ID and observed assertions during implementation,Isolated test database/API or named device harness,,Behavior case written; event assertions not yet specified in this legacy case
QA-DR-05,DR-05,product/P05-EXECUTION-CUSTODY-PROOF-AND-EXCEPTIONS.md,domain_integration,"FIXTURES.md; A/B, D1–D5/DQ, T1, S/N/F1/F2, SL1/SL2 as named","Authorized actor for ConfirmArrival,ConfirmPickup; identity/tenant from fixture, with negative actor when specified","ConfirmArrival,ConfirmPickup","Read GetDriverRound; explicitly arrive at pickup before and after goods become ready, then collect complete orders and explicitly arrive at the current dropoff. Exercise valid GPS, missing/invalid quality, allowed/forbidden/missing-policy overrides, original-assignment/device/city denial, same/different-command races, changed payload and forced SQL/result rollback. Then execute through the phone.","Use actual IDs and predecessor versions, never display text. One observation/fact per committed arrival and stable receipt on retry; rejected paths have no domain writes. Arrival does not fabricate preparation, inbound receipt, pickup custody or delivery completion. Exact pickup and assigned attempt are preserved. Local HTTP/SQL evidence is separate from phone, geofence/provider and stale-evidence-retention acceptance.",Written requirement; implementation test not executed,QA + P05,Not executed; attach run ID and observed assertions during implementation,Isolated test database/API or named device harness,,Explicit arrival fact and observation; no custody or completion; full phone workflow remains unexecuted
QA-DR-06,DR-06,product/P07-FREELANCE-BROADCAST-ACCEPTANCE-AND-CHANGES.md,domain_integration,"FIXTURES.md; A/B, D1–D5/DQ, T1, S/N/F1/F2, SL1/SL2 as named","Authorized actor for ProposeChange,RespondChange; identity/tenant from fixture, with negative actor when specified","ProposeChange,RespondChange","Set up named fixture; execute ProposeChange,RespondChange under the condition in expected outcome; query affected records and compare committed events.",Team instruction requires acknowledgement; freelance proposal requires consent with old/new scope visible.,Written requirement; implementation test not executed,QA + P07,Not executed; attach run ID and observed assertions during implementation,Isolated test database/API or named device harness,,Behavior case written; event assertions not yet specified in this legacy case
QA-DR-07,DR-07,product/P05-EXECUTION-CUSTODY-PROOF-AND-EXCEPTIONS.md,domain_integration,"FIXTURES.md; A/B, D1–D5/DQ, T1, S/N/F1/F2, SL1/SL2 as named","Authorized actor for RecordHandoff,SubmitProof,CompleteDelivery; identity/tenant from fixture, with negative actor when specified","RecordHandoff,SubmitProof,CompleteDelivery","After whole pickup and explicit arrival, test handoff/asset ownership, quantities, receiver policy, actual bytes and original-assignment/device failure. Submit all six typed proof kinds and incomplete candidates; test exact note/location persistence, wrong handoff/policy/asset, duplicate references, receiver correction, invalidated items, revoked scope, concurrency and forced completion rollback. Complete one of multiple orders and a final order with unresolved return/commitment duties. Verify receipt/status replay after closure and scoped commitment permissions. Then run upload interruption, proof and completion through the phone.","Handoff, verified asset, pending proof and complete delivery remain separate truthful facts. Preserve source bytes and immutable older submissions; no guessed notes/location/receiver. Only exact whole quantities and valid required proof complete atomically with claim retirement, facts, outbox and receipt; failure changes none. Replays do not duplicate completion. Unresolved Round duties stay open; another order remains queryable under its unchanged assignment digest. Scoped commitment access cannot create/change reservations or read other owners/cities/tenants. Missing policy fails POLICY_NOT_CONFIGURED. Provider doubles and isolated SQL acceptance are not phone/UI, configured upload or stale-retention acceptance.",Written requirement; implementation test not executed,QA + P05,Not executed; attach run ID and observed assertions during implementation,Isolated test database/API or named device harness,,Whole-order handoff fact and no premature completion; full phone workflow remains unexecuted
QA-DR-08,DR-08,product/P05-EXECUTION-CUSTODY-PROOF-AND-EXCEPTIONS.md,domain_integration,"FIXTURES.md; A/B, D1–D5/DQ, T1, S/N/F1/F2, SL1/SL2 as named","Authorized actor for ReportIssue; identity/tenant from fixture, with negative actor when specified",ReportIssue,Set up named fixture; execute ReportIssue under the condition in expected outcome; query affected records and compare committed events.,One tap records typed basic exception; optional details can follow; emergency contact is available before finishing a form.,Written requirement; implementation test not executed,QA + P05,Not executed; attach run ID and observed assertions during implementation,Isolated test database/API or named device harness,,Behavior case written; event assertions not yet specified in this legacy case
QA-DR-09,DR-09,product/P06-DRIVER-IDENTITY-FLEET-AND-WORK-MODES.md,domain_integration,"FIXTURES.md; A/B, D1–D5/DQ, T1, S/N/F1/F2, SL1/SL2 as named","Authorized actor for GetDriverHome; identity/tenant from fixture, with negative actor when specified",GetDriverHome,Set up named fixture; execute GetDriverHome under the condition in expected outcome; query affected records and compare committed events.,"Driver sees own hours, profile, earnings, notifications and assigned chat; no other merchant's unrelated work appears.",Written requirement; implementation test not executed,QA + P06,Not executed; attach run ID and observed assertions during implementation,Isolated test database/API or named device harness,,Behavior case written; event assertions not yet specified in this legacy case
QA-DR-10,DR-10,product/P05-EXECUTION-CUSTODY-PROOF-AND-EXCEPTIONS.md,domain_integration,"FIXTURES.md; A/B, D1–D5/DQ, T1, S/N/F1/F2, SL1/SL2 as named","Authorized actor for ConfirmPickup; identity/tenant from fixture, with negative actor when specified",ConfirmPickup,Set up named fixture; execute ConfirmPickup under the condition in expected outcome; query affected records and compare committed events.,App killed with queued physical observation: restart retains original actor/command/roots; changed assignment yields retained_for_review with incident ID.,Written requirement; implementation test not executed,QA + P05,Not executed; attach run ID and observed assertions during implementation,Isolated test database/API or named device harness,,Behavior case written; event assertions not yet specified in this legacy case
QA-DR-11,DR-11,product/P10-MAPS-NAVIGATION-AND-LOCATION-KNOWLEDGE.md,domain_integration,"FIXTURES.md; A/B, D1–D5/DQ, T1, S/N/F1/F2, SL1/SL2 as named","Authorized actor for CreateNavigationIntent; identity/tenant from fixture, with negative actor when specified",CreateNavigationIntent,Set up named fixture; execute CreateNavigationIntent under the condition in expected outcome; query affected records and compare committed events.,"Background/device field gate measures actual GPS continuity, Thai guidance and selected vehicle behavior; no declared production pass without device evidence.",Written requirement; implementation test not executed,QA + P10,Not executed; attach run ID and observed assertions during implementation,Isolated test database/API or named device harness,,Behavior case written; event assertions not yet specified in this legacy case
QA-DR-12,DR-12,product/P08-INTERCITY-TRANSPORT-AND-HANDOFFS.md,domain_integration,"FIXTURES.md; A/B, D1–D5/DQ, T1, S/N/F1/F2, SL1/SL2 as named","Authorized actor for ReceiveTrip,ConfirmTransferReceipt; identity/tenant from fixture, with negative actor when specified","ReceiveTrip,ConfirmTransferReceipt","Set up named fixture; execute ReceiveTrip,ConfirmTransferReceipt under the condition in expected outcome; query affected records and compare committed events.",Destination receiver can read booking IDs/lines and authenticate receipt; local driver sees dependency-ready state only for actual received goods.,Written requirement; implementation test not executed,QA + P08,Not executed; attach run ID and observed assertions during implementation,Isolated test database/API or named device harness,,Behavior case written; event assertions not yet specified in this legacy case
QA-DF-01,DF-01,product/P15-COMMERCIAL-LEDGER-AND-DEFERRED-SCOPE.md,scope_review,"FIXTURES.md; A/B, D1–D5/DQ, T1, S/N/F1/F2, SL1/SL2 as named","Authorized actor for Deferred; identity/tenant from fixture, with negative actor when specified",Deferred,Set up named fixture; execute Deferred under the condition in expected outcome; query affected records and compare committed events.,No Lalamove/external booking command is offered in current release; historical provider records remain readable.,Written requirement; implementation test not executed,QA + P15,Not executed; attach run ID and observed assertions during implementation,Isolated test database/API or named device harness,,Behavior case written; event assertions not yet specified in this legacy case
QA-DF-02,DF-02,product/P15-COMMERCIAL-LEDGER-AND-DEFERRED-SCOPE.md,scope_review,"FIXTURES.md; A/B, D1–D5/DQ, T1, S/N/F1/F2, SL1/SL2 as named","Authorized actor for Deferred; identity/tenant from fixture, with negative actor when specified",Deferred,Set up named fixture; execute Deferred under the condition in expected outcome; query affected records and compare committed events.,No live sensor ingestion/temperature alert contract is implied by handling notes.,Written requirement; implementation test not executed,QA + P15,Not executed; attach run ID and observed assertions during implementation,Isolated test database/API or named device harness,,Behavior case written; event assertions not yet specified in this legacy case
QA-DF-03,DF-03,product/P15-COMMERCIAL-LEDGER-AND-DEFERRED-SCOPE.md,scope_review,"FIXTURES.md; A/B, D1–D5/DQ, T1, S/N/F1/F2, SL1/SL2 as named","Authorized actor for Deferred; identity/tenant from fixture, with negative actor when specified",Deferred,Set up named fixture; execute Deferred under the condition in expected outcome; query affected records and compare committed events.,No unvalidated packaging/holding duration is labelled safe by the software.,Written requirement; implementation test not executed,QA + P15,Not executed; attach run ID and observed assertions during implementation,Isolated test database/API or named device harness,,Behavior case written; event assertions not yet specified in this legacy case
QA-DF-04,DF-04,product/P15-COMMERCIAL-LEDGER-AND-DEFERRED-SCOPE.md,scope_review,"FIXTURES.md; A/B, D1–D5/DQ, T1, S/N/F1/F2, SL1/SL2 as named","Authorized actor for Deferred; identity/tenant from fixture, with negative actor when specified",Deferred,Set up named fixture; execute Deferred under the condition in expected outcome; query affected records and compare committed events.,No automatic Vietnam/China rollout is enabled merely by configuring a city label.,Written requirement; implementation test not executed,QA + P15,Not executed; attach run ID and observed assertions during implementation,Isolated test database/API or named device harness,,Behavior case written; event assertions not yet specified in this legacy case
QA-DF-05,DF-05,product/P15-COMMERCIAL-LEDGER-AND-DEFERRED-SCOPE.md,scope_review,"FIXTURES.md; A/B, D1–D5/DQ, T1, S/N/F1/F2, SL1/SL2 as named","Authorized actor for Deferred; identity/tenant from fixture, with negative actor when specified",Deferred,Set up named fixture; execute Deferred under the condition in expected outcome; query affected records and compare committed events.,"Building-level grouping, reputation ranking and on-route matching stay outside active V2 commands.",Written requirement; implementation test not executed,QA + P15,Not executed; attach run ID and observed assertions during implementation,Isolated test database/API or named device harness,,Behavior case written; event assertions not yet specified in this legacy case
QA-DF-06,DF-06,product/P15-COMMERCIAL-LEDGER-AND-DEFERRED-SCOPE.md,scope_review,"FIXTURES.md; A/B, D1–D5/DQ, T1, S/N/F1/F2, SL1/SL2 as named","Authorized actor for Deferred; identity/tenant from fixture, with negative actor when specified",Deferred,Set up named fixture; execute Deferred under the condition in expected outcome; query affected records and compare committed events.,No florist inventory/recipe/waste plugin is part of Rounds dispatch scope.,Written requirement; implementation test not executed,QA + P15,Not executed; attach run ID and observed assertions during implementation,Isolated test database/API or named device harness,,Behavior case written; event assertions not yet specified in this legacy case
QA-SYSTEM-LAST-SLOT,IN-09 ST-13,engineering/E04-COMMANDS-TRANSACTIONS-EVENTS-AND-CONCURRENCY.md,cross_service_integration,FIXTURES.md; plus parameters explicitly stated in steps,"Authorized actor for HoldSlot; identity/tenant from fixture, with negative actor when specified",HoldSlot,DA and DB concurrently request SL1 with capacity 1.,"Exactly one live held reservation, total held+committed1; loser SLOT_FULL or STALE_VERSION; replay winner adds0 reservations.",Written requirement; implementation test not executed,QA + E04,Not executed; attach run ID and observed assertions during implementation,Isolated test database/API or named device harness,,Behavior case written; event assertions not yet specified in this legacy case
QA-SYSTEM-HOLD-MOVE,ST-02,engineering/E04-COMMANDS-TRANSACTIONS-EVENTS-AND-CONCURRENCY.md,cross_service_integration,FIXTURES.md; plus parameters explicitly stated in steps,"Authorized actor for MoveSlotHold; identity/tenant from fixture, with negative actor when specified",MoveSlotHold,DA holds SL1; SL2 is already full.,Move rejects SLOT_FULL; DA still has its original SL1 hold and no second live hold.,Written requirement; implementation test not executed,QA + E04,Not executed; attach run ID and observed assertions during implementation,Isolated test database/API or named device harness,,Behavior case written; event assertions not yet specified in this legacy case
QA-SYSTEM-REVISION-CAP,ST-02,engineering/E04-COMMANDS-TRANSACTIONS-EVENTS-AND-CONCURRENCY.md,cross_service_integration,FIXTURES.md; plus parameters explicitly stated in steps,"Authorized actor for SetSlotOverride,HoldSlot; identity/tenant from fixture, with negative actor when specified","SetSlotOverride,HoldSlot",SL1 old revision holds1; pointer changes to a new revision capacity 1.,No second hold is admitted; logical template/date count stays1; old promise unchanged.,Written requirement; implementation test not executed,QA + E04,Not executed; attach run ID and observed assertions during implementation,Isolated test database/API or named device harness,,Behavior case written; event assertions not yet specified in this legacy case
QA-SYSTEM-RECEIPT-INCREMENTS,IC-05 DR-12,engineering/E04-COMMANDS-TRANSACTIONS-EVENTS-AND-CONCURRENCY.md,cross_service_integration,FIXTURES.md; plus parameters explicitly stated in steps,"Authorized actor for ReceiveTrip; identity/tenant from fixture, with negative actor when specified",ReceiveTrip,DQ booked5; RH receives2 with C1 then3 with C2; replay both then submit1 with C3.,Balances2 then5 then5; C3 QUANTITY_EXCEEDED with no movement; receipts retain distinct IDs C1/C2.,Written requirement; implementation test not executed,QA + E04,Not executed; attach run ID and observed assertions during implementation,Isolated test database/API or named device harness,,Behavior case written; event assertions not yet specified in this legacy case
QA-SYSTEM-RETURN-PARTIAL,DI-07,engineering/E04-COMMANDS-TRANSACTIONS-EVENTS-AND-CONCURRENCY.md,cross_service_integration,FIXTURES.md; plus parameters explicitly stated in steps,"Authorized actor for ReceiveReturn; identity/tenant from fixture, with negative actor when specified",ReceiveReturn,"DQ return expected 5, RH receives2 then3.","Return receiving at 2, received at 5; source balance decreases2 then3; replay changes0.",Written requirement; implementation test not executed,QA + E04,Not executed; attach run ID and observed assertions during implementation,Isolated test database/API or named device harness,,Behavior case written; event assertions not yet specified in this legacy case
QA-SYSTEM-TRANSFER-ACTOR,DI-08,engineering/E08-SECURITY-PERMISSIONS-AND-DATA-LIFECYCLE.md,cross_service_integration,FIXTURES.md; plus parameters explicitly stated in steps,"Authorized actor for InitiateTransfer,ConfirmTransferReceipt; identity/tenant from fixture, with negative actor when specified","InitiateTransfer,ConfirmTransferReceipt",S proposes LQ5 to N; S attempts destination confirmation.,"S gets TRANSFER_NOT_AUTHORIZED/NOT_AUTHORIZED; target balance0. N receives5 once; balances S0,N5.",Written requirement; implementation test not executed,QA + E08,Not executed; attach run ID and observed assertions during implementation,Isolated test database/API or named device harness,,Behavior case written; event assertions not yet specified in this legacy case
QA-SYSTEM-OFFLINE-ORDER,DR-10,engineering/E05-DRIVER-OFFLINE-STORAGE-AND-EVIDENCE.md,cross_service_integration,FIXTURES.md; plus parameters explicitly stated in steps,"Authorized actor for ConfirmPickup,RecordHandoff; identity/tenant from fixture, with negative actor when specified","ConfirmPickup,RecordHandoff",Queue handoff before its required pickup dependency then reconnect.,Outbox blocks handoff until pickup reconciled; server rejects premature handoff CUSTODY_MISMATCH; no negative balance.,Written requirement; implementation test not executed,QA + E05,Not executed; attach run ID and observed assertions during implementation,Isolated test database/API or named device harness,,Behavior case written; event assertions not yet specified in this legacy case
QA-SYSTEM-STALE-PROOF,DR-07 DR-10,engineering/E05-DRIVER-OFFLINE-STORAGE-AND-EVIDENCE.md,cross_service_integration,FIXTURES.md; plus parameters explicitly stated in steps,"Authorized actor for SubmitProof; identity/tenant from fixture, with negative actor when specified",SubmitProof,S saved evidence offline; R1 reassigned; S syncs original proof.,"HTTP200 retained_for_review with incident_id; bytes remain stored, no current assignment overwrite, queue stops blind retry.",Written requirement; implementation test not executed,QA + E05,Not executed; attach run ID and observed assertions during implementation,Isolated test database/API or named device harness,,Behavior case written; event assertions not yet specified in this legacy case
QA-SYSTEM-STATE-TYPO,ST-13,engineering/E02-DATABASE-DESIGN-AND-INVARIANTS.md,database_integration,FIXTURES.md; plus parameters explicitly stated in steps,"Authorized actor for SQL insert; identity/tenant from fixture, with negative actor when specified",SQL insert,Insert driver_commitments.state=accepted and an overlapping committed busy range.,"Unrecognized state fails CHECK; two committed overlapping ranges fail exclusion; adjacent [a,b),[b,c) pass.",Written requirement; implementation test not executed,QA + E02,Not executed; attach run ID and observed assertions during implementation,Isolated test database/API or named device harness,,Behavior case written; event assertions not yet specified in this legacy case
QA-SYSTEM-SEALED-MANIFEST,DI-10,engineering/E02-DATABASE-DESIGN-AND-INVARIANTS.md,database_integration,FIXTURES.md; plus parameters explicitly stated in steps,"Authorized actor for SQL update; identity/tenant from fixture, with negative actor when specified",SQL update,"After ConfirmPickup seals M1, attempt UPDATE/DELETE/INSERT on its lines.",All content mutations fail MANIFEST_SEALED; custody and evidence rows unchanged.,Written requirement; implementation test not executed,QA + E02,Not executed; attach run ID and observed assertions during implementation,Isolated test database/API or named device harness,,Behavior case written; event assertions not yet specified in this legacy case
QA-SYSTEM-AGREEMENT-REVISION,BC-11,engineering/E02-DATABASE-DESIGN-AND-INVARIANTS.md,database_integration,FIXTURES.md; plus parameters explicitly stated in steps,"Authorized actor for RespondChange; identity/tenant from fixture, with negative actor when specified",RespondChange,Accept a freelancer destination amendment to agreement1.,"Insert immutable revision2, move current pointer; original accepted_scope/revision/fare unchanged; duplicate response creates0 new revisions.",Written requirement; implementation test not executed,QA + E02,Not executed; attach run ID and observed assertions during implementation,Isolated test database/API or named device harness,,Behavior case written; event assertions not yet specified in this legacy case
QA-SYSTEM-WORKER-CRASH,CM-10 ST-08,engineering/E07-BACKGROUND-JOBS-ADAPTERS-AND-RECOVERY.md,cross_service_integration,FIXTURES.md; plus parameters explicitly stated in steps,"Authorized actor for worker replay; identity/tenant from fixture, with negative actor when specified",worker replay,Provider accepts notification; kill worker before receipt ack; visibility expires.,"Reconcile same effect key; at most1 provider effect; if provider cannot confirm, state unknown with manual action, not automatic resend.",Written requirement; implementation test not executed,QA + E07,Not executed; attach run ID and observed assertions during implementation,Isolated test database/API or named device harness,,Behavior case written; event assertions not yet specified in this legacy case
QA-SYSTEM-TRACKING-REVOKE,CM-07,engineering/E08-SECURITY-PERMISSIONS-AND-DATA-LIFECYCLE.md,cross_service_integration,FIXTURES.md; plus parameters explicitly stated in steps,"Authorized actor for RevokeTrackingLink,ExchangeTrackingToken; identity/tenant from fixture, with negative actor when specified","RevokeTrackingLink,ExchangeTrackingToken","Exchange buyer link, revoke it, then fetch with old session.",HTTP410 TRACKING_REVOKED and zero delivery details; old session cannot continue to read.,Written requirement; implementation test not executed,QA + E08,Not executed; attach run ID and observed assertions during implementation,Isolated test database/API or named device harness,,Behavior case written; event assertions not yet specified in this legacy case
QA-SYSTEM-RLS-CROSS-TENANT,WS-08 ST-11,engineering/E08-SECURITY-PERMISSIONS-AND-DATA-LIFECYCLE.md,database_integration,FIXTURES.md; plus parameters explicitly stated in steps,"Authorized actor for SQL SELECT/UPDATE; identity/tenant from fixture, with negative actor when specified",SQL SELECT/UPDATE,Use rounds_api with verified A context to select/update known B delivery/media/chat IDs.,SELECT0 rows; UPDATE0 rows or policy error; no cross-tenant read. Repeat with missing context:0 rows.,Written requirement; implementation test not executed,QA + E08,Not executed; attach run ID and observed assertions during implementation,Isolated test database/API or named device harness,,Behavior case written; event assertions not yet specified in this legacy case
QA-SYSTEM-REALTIME-REVOKE,ST-11,engineering/E08-SECURITY-PERMISSIONS-AND-DATA-LIFECYCLE.md,cross_service_integration,FIXTURES.md; plus parameters explicitly stated in steps,"Authorized actor for revoke grant; identity/tenant from fixture, with negative actor when specified",revoke grant,OA subscribes A topic then loses city entitlement.,Future subscription denied; current session disconnected/revalidated within60s; no authorized refetch after revoke.,Written requirement; implementation test not executed,QA + E08,Not executed; attach run ID and observed assertions during implementation,Isolated test database/API or named device harness,,Behavior case written; event assertions not yet specified in this legacy case
QA-SYSTEM-DST,ST-12 PL-14,engineering/E04-COMMANDS-TRANSACTIONS-EVENTS-AND-CONCURRENCY.md,cross_service_integration,FIXTURES.md; plus parameters explicitly stated in steps,"Authorized actor for SaveSlotTemplate; identity/tenant from fixture, with negative actor when specified",SaveSlotTemplate,Materialize America/New_York2026-03-08 02:30 and2026-11-01 01:30 without fold choice.,Both reject VALIDATION_FAILED with nonexistent/ambiguous local-time field reason; Bangkok equivalent resolves normally.,Written requirement; implementation test not executed,QA + E04,Not executed; attach run ID and observed assertions during implementation,Isolated test database/API or named device harness,,Behavior case written; event assertions not yet specified in this legacy case
QA-SYSTEM-LOAD,ST-13 MP-07,engineering/E09-TESTING-MIGRATION-RELEASE-AND-OPERATIONS.md,load_recovery,FIXTURES.md; plus parameters explicitly stated in steps,"Authorized actor for load harness; identity/tenant from fixture, with negative actor when specified",load harness,1000 drivers sample5s/batch15s;50 operators;30min sustained;5min warm-up;core commands exclude external async time.,"At declared test deployment p95read<=400ms,command<=500ms,locationfreshness<=30s; zero double claims/negative balances. Any threshold failure blocks SLO sign-off; changing target is a new decision, not a pass.",Written requirement; implementation test not executed,QA + E09,Not executed; attach run ID and observed assertions during implementation,Isolated test database/API or named device harness,,Behavior case written; event assertions not yet specified in this legacy case
QA-SYSTEM-NATIVE-R0,DR-11,engineering/E06-TELEMETRY-REALTIME-AND-NATIVE-LIFECYCLE.md,device_field,FIXTURES.md; plus parameters explicitly stated in steps,"Authorized actor for device harness; identity/tenant from fixture, with negative actor when specified",device harness,"Low/mid Android and iPhone;2h route with screen off, battery saver, navigation and20min poor network; repeat3times/device.",All physical command/evidence IDs survive3 restarts; no false completion; background-permitted segments p95location<=30s; report gaps and battery drain with device/OS. Unsupported profile/OS combination remains disabled.,Written requirement; implementation test not executed,QA + E06,Not executed; attach run ID and observed assertions during implementation,Isolated test database/API or named device harness,,Behavior case written; event assertions not yet specified in this legacy case
QA-SYSTEM-RESTORE,HI-04 ST-11,engineering/E09-TESTING-MIGRATION-RELEASE-AND-OPERATIONS.md,load_recovery,FIXTURES.md; plus parameters explicitly stated in steps,"Authorized actor for restore drill; identity/tenant from fixture, with negative actor when specified",restore drill,Restore database and evidence objects to a recovery point after captured proof.,Measured data loss<=5min and service restored<=60min proposed targets; missing bytes detected; no false evidence-complete record or replayed external payment.,Written requirement; implementation test not executed,QA + E09,Not executed; attach run ID and observed assertions during implementation,Isolated test database/API or named device harness,,Behavior case written; event assertions not yet specified in this legacy case
QA-SYSTEM-MIGRATION,ST-13 DR-10,engineering/E09-TESTING-MIGRATION-RELEASE-AND-OPERATIONS.md,load_recovery,FIXTURES.md; plus parameters explicitly stated in steps,"Authorized actor for migration harness; identity/tenant from fixture, with negative actor when specified",migration harness,"Upgrade local schema with queued pickup, pending photo and draft message; run server compatibility migration.",Original IDs/bytes/account scope preserved; old supported clients either work or receive UPGRADE_REQUIRED without discarding data; rollback/forward-fix produces no duplicate custody.,Written requirement; implementation test not executed,QA + E09,Not executed; attach run ID and observed assertions during implementation,Isolated test database/API or named device harness,,Behavior case written; event assertions not yet specified in this legacy case
QA-SYSTEM-QUERY-CLOSURE,DI-02 DR-05 DR-12,engineering/E03-HTTP-API-AND-READ-PROJECTIONS.md,cross_service_integration,FIXTURES.md; plus parameters explicitly stated in steps,"Authorized actors for GetDriverRound/GetTrips and Operations Board/ResolveIssue; separate principals and negative scopes","GetDriverRound,GetTrips,GetBoard,ResolveIssue,GetCommandStatus","Construct pickup/proof/trip work solely from authorized queries. Execute E03 ADR-Q02/Q03/Q04/Q05 subcases including opt-in display=labels compatibility; restricted-role privacy and reassignment; exact-attempt lost-response/reload recovery; label refresh during an existing draft.","Required manifest/stop/attempt/policy/booking/version facts exist without sample IDs. Finite projections enforce current original-job authorization and never imply physical permission. No-display response remains unchanged; optional labels are scoped nullable facts with no secrets or fabricated identities. Labels never rebase commands or enter journals; status recovery commits only once. See E03 for all negative and native-storage subcases.",Written requirement; implementation test not executed,QA + E03,Not executed; attach run ID and observed assertions during implementation,Isolated test database/API or named device harness,,Full proof/trip/configured Auth/browser/source parity acceptance remains separate from recorded finite-query subcase runs
QA-SYSTEM-PREARRIVAL,IC-05 PL-12,engineering/E04-COMMANDS-TRANSACTIONS-EVENTS-AND-CONCURRENCY.md,cross_service_integration,FIXTURES.md; plus parameters explicitly stated in steps,"Authorized actor for StagePlan,ReleasePlan,ReceiveTrip; identity/tenant from fixture, with negative actor when specified","StagePlan,ReleasePlan,ReceiveTrip","At07:00 stage R1/R2; at 09:00 receive L1,L2,L4,L5 only.",R1/R2 planned before receipt; R2 may release; R1 stays staged missingL3; receiving L3 later unlocks same R1 with no duplicate deliveries or reset sequence.,Written requirement; implementation test not executed,QA + E04,Not executed; attach run ID and observed assertions during implementation,Isolated test database/API or named device harness,,Behavior case written; event assertions not yet specified in this legacy case
QA-V21-RESULT-FINITE,IN-09,engineering/E03-HTTP-API-AND-READ-PROJECTIONS.md,contract,Approved DA with live SL1 hold,API client,CommitDelivery,"Validate a CommitDelivery result, then remove delivery_id; add an error field to the committed variant",Valid finite result accepted; both malformed variants rejected; data never references its wrapper,Written requirement; implementation test not executed,E03,Not executed; contract shape regressions are separately run in VALIDATION.md,JSON Schema validator,delivery.created,Specific actor/setup/action/outcome; event expectation where applicable
QA-V21-DRIVER-VISIBILITY,FL-01,engineering/E08-SECURITY-PERMISSIONS-AND-DATA-LIFECYCLE.md,database,A owns active team relationship to S; B does not,OA / OB / S,GetDrivers,As OA read S profile; as OB read same ID; as S read self,OA and S can read permitted profile; OB receives no row; no broad broker board query,Written requirement; implementation test not executed,E08,Not executed; contract shape regressions are separately run in VALIDATION.md,PostgreSQL + PostGIS with restricted roles,,Specific actor/setup/action/outcome; event expectation where applicable
QA-V21-GPS-WINDOW,MP-07,engineering/E08-SECURITY-PERMISSIONS-AND-DATA-LIFECYCLE.md,database,S location bound to collection entitlement TE1; tenant read grant GA expires 10:00,OA / OB,GetDriverRound,At 09:00 query exact point as OA; switch B; revoke GA; restore grant with observed point older than starts_at,"Only first query returns point; wrong tenant, revoked grant and pre-window observation return no point",Written requirement; implementation test not executed,E08,Not executed; contract shape regressions are separately run in VALIDATION.md,PostgreSQL + PostGIS with restricted roles,,Specific actor/setup/action/outcome; event expectation where applicable
QA-V21-INBOX-PRINCIPAL,CM-02,engineering/E08-SECURITY-PERMISSIONS-AND-DATA-LIFECYCLE.md,database,"Two notifications in A: one for OA, one OH",OA / OH,MarkNotificationRead,OA selects and tries marking OH notification,No OH row visible or mutable; own notification remains usable,Written requirement; implementation test not executed,E08,Not executed; contract shape regressions are separately run in VALIDATION.md,PostgreSQL + PostGIS with restricted roles,notification.read,Specific actor/setup/action/outcome; event expectation where applicable
QA-V21-REALTIME-IDENTITY,MP-07,engineering/E08-SECURITY-PERMISSIONS-AND-DATA-LIFECYCLE.md,database,S principal UUID differs from auth_subject; one unexpired topic grant,authenticated S,GetDriverRound,Resolve auth principal; authorize correct topic; revoke; issue new grant for same topic,Correct subject maps to S; revoked grant denied; replacement inserts successfully; no duplicate live grant,Written requirement; implementation test not executed,E08,Not executed; contract shape regressions are separately run in VALIDATION.md,PostgreSQL + PostGIS with restricted roles,,Specific actor/setup/action/outcome; event expectation where applicable
QA-V21-STOP-KINDS,DR-05,engineering/E03-HTTP-API-AND-READ-PROJECTIONS.md,contract,R1 pickup stop S1 has delivery_id null; D1 dropoff has actual delivery ID,Driver S,ConfirmPickup,Deserialize both StopView variants and construct pickup command from S1,"Pickup, return and transfer may carry null delivery_id; dropoff null fails schema; kind available",Written requirement; implementation test not executed,E03,Not executed; contract shape regressions are separately run in VALIDATION.md,JSON Schema validator,,Specific actor/setup/action/outcome; event expectation where applicable
QA-V21-HANDOFF-RECOVERY,DR-07,engineering/E03-HTTP-API-AND-READ-PROJECTIONS.md,contract,D1 actual handoff response deliberately lost,Driver S,"RecordHandoff,SubmitProof",Read GetCommandStatus and AttemptView; use returned handoff_id for SubmitProof,Same typed handoff data recovered; no duplicate handoff; evidence targets same attempt,Written requirement; implementation test not executed,E03,Not executed; contract shape regressions are separately run in VALIDATION.md,JSON Schema validator,handoff.recorded,Specific actor/setup/action/outcome; event expectation where applicable
QA-V21-PARTIAL-APPROVAL,DR-05,product/P05-EXECUTION-CUSTODY-PROOF-AND-EXCEPTIONS.md,domain_integration,DQ expected 5 units; only 3 prepared; issue IQ open,MA approves; S collects,"ApprovePartialPickup,ConfirmPickup","D1 needs five, only three available; D2 is complete. Attempt partial D1 and an atomic D1+D2 pickup, then invoke approval. Explicitly adjust assignment to D2 only and retry with new identity; finally receive/prepare all five for D1.","Short pickup and mixed batch reject COMPLETE_ORDER_REQUIRED or actual inbound readiness error with zero custody/attempt/residual writes. Approval returns FEATURE_NOT_ENABLED for every role. D2 succeeds only after explicit adjustment, with one whole unit. D1 succeeds only when all five are present and ready. Replay produces no extra balance or fact.",Written requirement; implementation test not executed,P05,Not executed; contract shape regressions are separately run in VALIDATION.md,API/worker integration harness,,Specific actor/setup/action/outcome; event expectation where applicable
QA-V21-FULL-PICKUP,DR-05,product/P05-EXECUTION-CUSTODY-PROOF-AND-EXCEPTIONS.md,domain_integration,M1 quantity 1 prepared and actually present at correct pickup,Driver S,ConfirmPickup,"For a full actually present manifest, test preparation unknown/preparing/blocked and ready; omit approval_decision_id. Also send missing/extra/duplicate line IDs, short/excess quantities, duplicate selectors and decimal quantities with more than four places.","Only ready plus exact line-map equality can commit; non-ready preparation returns PICKUP_NOT_READY. Invalid IDs/selectors/precision reject validation or manifest contract; unequal quantities return COMPLETE_ORDER_REQUIRED. Batch rejects before writes. No approval ID, child unit or remainder obligation is created. Exact four-place decimal quantities are compared as integer quanta.",Written requirement; implementation test not executed,P05,Not executed; contract shape regressions are separately run in VALIDATION.md,API/worker integration harness,pickup.confirmed,Specific actor/setup/action/outcome; event expectation where applicable
QA-V21-LATER-AVAILABILITY,FL-08,product/P06-DRIVER-IDENTITY-FLEET-AND-WORK-MODES.md,domain_integration,Opted-in known-driver request Q1 expires 11:00,Freelancer F1,ReplyAvailability,Reply later at 12:00; repeat without available_after,First preserves later/time and no job commitment; second fails VALIDATION_FAILED,Written requirement; implementation test not executed,P06,Not executed; contract shape regressions are separately run in VALIDATION.md,API/worker integration harness,availability.responded,Specific actor/setup/action/outcome; event expectation where applicable
QA-V21-TRUCK-REALLOCATION,PL-01,product/P04-PLANNING-ROUTING-AND-TEAM-RELEASE.md,domain_integration,"R1 staged to S, T1 ETA 09:00 then10:00; N available",Operator OH,"StagePlan,WithdrawRelease,StagePlan",Withdraw staged S allocation; assign eligible N using current plan; stage again,R1 and stop IDs retained; S provisional range released; N allocated only after conflict/capacity check; no receipt fabricated,Written requirement; implementation test not executed,P04,Not executed; contract shape regressions are separately run in VALIDATION.md,API/worker integration harness,"plan.staged,assignment.withdrawn",Specific actor/setup/action/outcome; event expectation where applicable
QA-V21-RECEIPT-INDEPENDENCE,IC-05,product/P08-INTERCITY-TRANSPORT-AND-HANDOFFS.md,domain_integration,T1 carries D1–D5; R1=D1–D3 and R2=D4–D5,Receiver RH / OH,"ReceiveTrip,ReleasePlan","Receive L1,L2,L4,L5; attempt release R1; release R2",R1 returns INBOUND_NOT_RECEIVED for L3; R2 ready/released; all five original delivery IDs preserved,Written requirement; implementation test not executed,P08,Not executed; contract shape regressions are separately run in VALIDATION.md,API/worker integration harness,,Specific actor/setup/action/outcome; event expectation where applicable
QA-V21-EVENT-STATE,BC-05,engineering/E04-COMMANDS-TRANSACTIONS-EVENTS-AND-CONCURRENCY.md,contract,Complete work.accepted fact fixture,Worker consumer,RespondOffer,Remove assignment_id and validate,work.accepted has required agreement/assignment/Round/unit identities; incomplete accepted-work fact rejects schema validation,Written requirement; implementation test not executed,E04,Not executed; contract shape regressions are separately run in VALIDATION.md,JSON Schema validator,work.accepted,Specific actor/setup/action/outcome; event expectation where applicable
QA-V21-NOTIFICATION-RETRY,CM-08,engineering/E07-BACKGROUND-JOBS-ADAPTERS-AND-RECOVERY.md,domain_integration,One eligible assignment.issued fact; first notification intent uses template version 1,Notification worker,worker:notification_enqueue,"Enqueue one event twice; change template from v1 to v2 and replay. Inject six safe transient failures, Retry-After beyond deadline and an unknown provider outcome.",One intent per event/recipient/channel/kind retains template v1. Five retries after the initial attempt wait 5/30/120/600/1800 seconds; sixth total failure enters recovery. Deadline prevents further send. Unknown outcome reconciles original identity without automatic resend.,Written requirement; implementation test not executed,E07,Not executed; contract shape regressions are separately run in VALIDATION.md,API/worker integration harness,,Specific actor/setup/action/outcome; event expectation where applicable
QA-V21-TRACKING-EXPIRY,ST-10,product/P12-COMMERCE-TRACKING-AND-CUSTOMER-COMMUNICATION.md,domain_integration,Tracking token expires10:00 server time,Recipient,CreateTrackingLink,Read09:59; advance server10:00; read again,First allowed audience view; second410 TRACKING_EXPIRED; no private payload,Written requirement; implementation test not executed,P12,Not executed; contract shape regressions are separately run in VALIDATION.md,API/worker integration harness,tracking.link_created,Specific actor/setup/action/outcome; event expectation where applicable
QA-V21-STALE-ARRIVAL,DR-12,product/P05-EXECUTION-CUSTODY-PROOF-AND-EXCEPTIONS.md,domain_integration,R1 reassigned to N while S device offline,Former driver S,ConfirmArrival,Replay S genuine offline arrival with old assignment version,Observation retained_for_review with incident; N current assignment/stop state unchanged,Written requirement; implementation test not executed,P05,Not executed; contract shape regressions are separately run in VALIDATION.md,API/worker integration harness,evidence.retained_stale,Specific actor/setup/action/outcome; event expectation where applicable
QA-V21-SEALED-PACKAGE,DR-05,engineering/E02-DATABASE-DESIGN-AND-INVARIANTS.md,database,M1 sealed and package PK1 contains L1,Restricted API role,ConfirmPickup,Attempt package quantity edit and current_manifest_id repoint,Both rejected as immutable; original physical manifest and package contents unchanged,Written requirement; implementation test not executed,E02,Not executed; contract shape regressions are separately run in VALIDATION.md,PostgreSQL + PostGIS with restricted roles,,Specific actor/setup/action/outcome; event expectation where applicable
QA-V21-REVISION-OWNER,BC-09,engineering/E02-DATABASE-DESIGN-AND-INVARIANTS.md,database,Agreements A1/A2 and accepted revision for A2,Restricted API role,RespondChange,Set A1.current_revision_id to A2 revision; then attempt decreasing A1 revision,Cross-agreement FK and nonmonotonic pointer reject,Written requirement; implementation test not executed,E02,Not executed; contract shape regressions are separately run in VALIDATION.md,PostgreSQL + PostGIS with restricted roles,,Specific actor/setup/action/outcome; event expectation where applicable
QA-V21-BOOKING-MANIFEST,IC-04,engineering/E02-DATABASE-DESIGN-AND-INVARIANTS.md,database,Booking BK1 references M1; L2 belongs M2,Restricted API role,BookTrip,Insert BK1 line L2,MANIFEST_MISMATCH raised; no mixed-manifest booking,Written requirement; implementation test not executed,E02,Not executed; contract shape regressions are separately run in VALIDATION.md,PostgreSQL + PostGIS with restricted roles,trip.booked,Specific actor/setup/action/outcome; event expectation where applicable
QA-V21-VEHICLE-OVERLAP,FL-04,engineering/E02-DATABASE-DESIGN-AND-INVARIANTS.md,database,V1 assigned S09:00–12:00,OA,SetShiftOccurrence,Insert N/V1 shift11:00–13:00; then12:00–13:00,Overlapping interval rejects; adjacent half-open interval succeeds,Written requirement; implementation test not executed,E02,Not executed; contract shape regressions are separately run in VALIDATION.md,PostgreSQL + PostGIS with restricted roles,shift.changed,Specific actor/setup/action/outcome; event expectation where applicable
QA-V21-CAPACITY-READOUT,PL-07,product/P04-PLANNING-ROUTING-AND-TEAM-RELEASE.md,visual_interaction,Round uses Stops3/3 and Cakes1/1,OH,UI,Inspect route and attempt to add one stop,Both binding dimensions visible; move blocked; maximum 0 is prohibited not percent,Written requirement; implementation test not executed,P04,Not executed; contract shape regressions are separately run in VALIDATION.md,Approved UI on target viewport,,Specific actor/setup/action/outcome; event expectation where applicable
QA-V21-CHAT-FOCUS,CM-02,product/P09-MESSAGES-CALLS-AND-NOTIFICATIONS.md,visual_interaction,S thread open with draft; N thread minimized,OA,UI,Receive N reply while typing; switch threads; minimize/close,No focus stolen; draft remains S; unread syncs marker/tray/header; close does not delete history,Written requirement; implementation test not executed,P09,Not executed; contract shape regressions are separately run in VALIDATION.md,Approved UI on target viewport,,Specific actor/setup/action/outcome; event expectation where applicable
QA-V21-IPAD-ROTATION,WS-07,product/P14-APPROVED-UX-DRIVER-COVERAGE-AND-LOCALIZATION.md,visual_interaction,Plan open with chat at 1024×768,OH,UI,Rotate to768×1024; scroll timeline and open driver actions,All four primary nav destinations reachable; no page overflow; sticky driver labels and map dimensions reconcile,Written requirement; implementation test not executed,P14,Not executed; contract shape regressions are separately run in VALIDATION.md,Approved UI on target viewport,,Specific actor/setup/action/outcome; event expectation where applicable
QA-V21-WEATHER-DOUBLECOUNT,MP-05,product/P10-MAPS-NAVIGATION-AND-LOCATION-KNOWLEDGE.md,domain_integration,Current traffic already includes rain congestion; no independent handling effect,Route estimation service,GetRouteEstimate,Calculate ETA; then add approved120s waterproofing rule,First adds no rain-only duplicate delay; second adds120s with stored rule reason,Written requirement; implementation test not executed,P10,Not executed; contract shape regressions are separately run in VALIDATION.md,API/worker integration harness,,Specific actor/setup/action/outcome; event expectation where applicable
QA-V21-ENTRANCE-CAUSE,AD-09,product/P10-MAPS-NAVIGATION-AND-LOCATION-KNOWLEDGE.md,domain_integration,Verified entrance EN1; failed D1 reason recipient unavailable,Address reviewer,ReportLocationObservation,Record failure; compare entrance confidence; record conflicting gate observation,Recipient failure alone does not lower entrance confidence; conflicting gate requires review,Written requirement; implementation test not executed,P10,Not executed; contract shape regressions are separately run in VALIDATION.md,API/worker integration harness,location.observed,Specific actor/setup/action/outcome; event expectation where applicable
